outcome,KE_CyHex,KE_FeO,KE_H70,Q.No_1,Q.No_2,Q.No_3,Q.No_4,Q.No_5,Q.No_6,Q.No_7,Q.No_8,Q.No_9,Q.No_10,Q.No_11,Q.No_12,Q.No_13,Q.No_14,Q.No_15,Q.No_16,Q.No_17,Q.No_18,Q.No_19,Q.No_20,Q.No_21,Q.No_22,Q.No_23,Q.No_24,Q.No_25,Q.No_26,Q.No_27,Q.No_28,Q.No_29,Q.No_30,Mod_Vel_1,Mod_Vel_2,Mod_Vel_3,Mod_Vel_4,Mod_Vel_5,Mod_Vel_6,Mod_Vel_7,Mod_Vel_8,Mod_Vel_9,Mod_Vel_10,Mod_Vel_11,Mod_Vel_12,Mod_Vel_13,Mod_Vel_14,Mod_Vel_15,Mod_Vel_16,Mod_Vel_17,Mod_Vel_18,Mod_Vel_19,Mod_Vel_20,Mod_Vel_21,Mod_Vel_22,Mod_Vel_23,Mod_Vel_24,Mod_Vel_25,Mod_Vel_26,Mod_Vel_27,Mod_Vel_28,Mod_Vel_29,Mod_Vel_30,Mod_Ener_1,Mod_Ener_2,Mod_Ener_3,Mod_Ener_4,Mod_Ener_5,Mod_Ener_6,Mod_Ener_7,Mod_Ener_8,Mod_Ener_9,Mod_Ener_10,Mod_Ener_11,Mod_Ener_12,Mod_Ener_13,Mod_Ener_14,Mod_Ener_15,Mod_Ener_16,Mod_Ener_17,Mod_Ener_18,Mod_Ener_19,Mod_Ener_20,Mod_Ener_21,Mod_Ener_22,Mod_Ener_23,Mod_Ener_24,Mod_Ener_25,Mod_Ener_26,Mod_Ener_27,Mod_Ener_28,Mod_Ener_29,Mod_Ener_30
0,97.04760287,310.4471349,8.305618489,6,0,25,2,7,1,0,1,0,6,5,0,2,0,0,0,0,0,0,0,0,0,0,0,0,1,0,0,0,0,-4.35E+02,2.03E+02,-1.49E+03,4.86E+02,-9.11E+02,4.70E+02,4.06E+02,-6.04E+02,-3.31E+02,1.41E+03,1.23E+03,4.88E+02,1.16E+03,4.38E+02,4.34E+02,5.08E+02,-4.86E+02,-5.53E+02,-6.22E+02,6.10E+02,-6.69E+02,5.35E+02,7.17E+02,6.45E+02,-5.17E+02,-1.25E+03,-4.65E+02,6.87E+02,-1.25E+03,4.94E+02,0.03431,0.025129,1.340978,0.137999,0.543494,0.126401,0.062136,0.196104,0.074952,1.168479,1.093576,0.118239,0.624465,0.149841,0.156003,0.178925,0.185461,0.201374,0.213875,0.227523,0.235616,0.246148,0.272052,0.276581,0.292681,0.894454,0.308636,0.333339,0.337582,0.355769
0,100.0453173,312.3216003,2.758198766,40,0,26,7,0,4,2,2,0,1,0,3,1,1,2,2,0,0,0,0,0,0,0,0,0,1,0,0,0,0,-1.12E+03,2.03E+02,-1.52E+03,-8.41E+02,-2.35E+02,-8.14E+02,-9.09E+02,-7.79E+02,-3.31E+02,6.78E+02,3.72E+02,-1.29E+03,-8.98E+02,-7.59E+02,-9.71E+02,-1.14E+03,-4.86E+02,5.53E+02,-6.22E+02,6.10E+02,-6.69E+02,5.35E+02,-7.17E+02,6.45E+02,5.17E+02,1.25E+03,4.65E+02,6.87E+02,-1.25E+03,-4.94E+02,0.228731,0.025129,1.393565,0.413996,0.036233,0.379203,0.310681,0.326839,0.074952,0.269649,0.099416,0.827671,0.374679,0.449523,0.780015,0.894627,0.185461,0.201374,0.213875,0.227523,0.235616,0.246148,0.272052,0.276581,0.292681,0.894454,0.308636,0.333339,0.337582,0.355769
0,100.4735509,313.2700431,3.393492249,46,9,12,4,7,8,0,3,2,0,1,0,1,1,0,0,1,0,0,1,1,0,0,0,1,0,0,0,1,0,-1.21E+03,-8.83E+02,1.05E+03,-6.52E+02,-9.11E+02,-1.12E+03,-4.06E+02,9.22E+02,7.39E+02,3.91E+02,-6.44E+02,4.88E+02,-8.98E+02,-7.59E+02,4.34E+02,-5.08E+02,8.42E+02,5.53E+02,-6.22E+02,-1.06E+03,-1.16E+03,-5.35E+02,7.17E+02,6.45E+02,-8.96E+02,7.23E+02,4.65E+02,-6.87E+02,2.17E+03,-4.94E+02,0.263041,0.477443,0.657342,0.248398,0.543494,0.716272,0.062136,0.457575,0.374762,0.089883,0.298248,0.118239,0.374679,0.449523,0.156003,0.178925,0.556384,0.201374,0.213875,0.682568,0.706848,0.246148,0.272052,0.276581,0.878042,0.298151,0.308636,0.333339,1.012746,0.355769
0,106.2908489,309.4106724,2.326583694,39,48,21,12,2,6,5,0,0,1,0,1,0,1,2,2,5,0,0,0,0,0,0,0,0,0,0,1,1,1,-1.11E+03,-1.99E+03,-1.37E+03,-1.09E+03,5.26E+02,9.78E+02,1.35E+03,-3.48E+02,3.31E+02,-6.78E+02,3.72E+02,-8.45E+02,-5.18E+02,7.59E+02,9.71E+02,-1.14E+03,-1.61E+03,5.53E+02,6.22E+02,6.10E+02,6.69E+02,5.35E+02,-7.17E+02,-6.45E+02,-5.17E+02,7.23E+02,4.65E+02,-1.19E+03,2.17E+03,8.56E+02,0.223013,2.437473,1.130628,0.689994,0.181165,0.547737,0.683498,0.065368,0.074952,0.269649,0.099416,0.354716,0.124893,0.449523,0.780015,0.894627,2.040076,0.201374,0.213875,0.227523,0.235616,0.246148,0.272052,0.276581,0.292681,0.298151,0.308636,1.000018,1.012746,1.067306
0,101.0451905,317.2669765,1.650577158,65,0,17,5,3,10,4,1,0,1,0,0,0,1,3,1,1,0,0,1,0,0,0,1,0,1,0,3,2,1,-1.43E+03,-2.03E+02,-1.24E+03,-7.20E+02,-6.23E+02,-1.24E+03,-1.22E+03,-6.04E+02,3.31E+02,-6.78E+02,-3.72E+02,-4.88E+02,-5.18E+02,7.59E+02,-1.15E+03,-8.80E+02,8.42E+02,-5.53E+02,6.22E+02,1.06E+03,6.69E+02,-5.35E+02,7.17E+02,-1.12E+03,5.17E+02,-1.25E+03,4.65E+02,1.82E+03,-2.80E+03,-8.56E+02,0.371689,0.025129,0.920279,0.303597,0.25363,0.884806,0.559226,0.196104,0.074952,0.269649,0.099416,0.118239,0.124893,0.449523,1.092021,0.536776,0.556384,0.201374,0.213875,0.682568,0.235616,0.246148,0.272052,0.829742,0.292681,0.894454,0.308636,2.333376,1.68791,1.067306
0,104.5626328,310.4425545,3.074538089,15,6,0,6,1,10,7,3,3,0,1,2,1,0,0,0,0,0,6,0,0,0,0,0,1,0,0,0,0,0,-6.88E+02,7.30E+02,2.09E+02,-7.83E+02,-4.08E+02,1.24E+03,1.57E+03,9.22E+02,8.75E+02,-3.91E+02,-6.44E+02,-1.09E+03,-8.98E+02,4.38E+02,-4.34E+02,5.08E+02,-4.86E+02,-5.53E+02,-2.24E+03,6.10E+02,6.69E+02,5.35E+02,7.17E+02,6.45E+02,8.96E+02,-7.23E+02,-4.65E+02,-6.87E+02,1.25E+03,4.94E+02,0.085774,0.326672,0.026294,0.358797,0.108699,0.884806,0.932043,0.457575,0.524667,0.089883,0.298248,0.591194,0.374679,0.149841,0.156003,0.178925,0.185461,0.201374,2.780372,0.227523,0.235616,0.246148,0.272052,0.276581,0.878042,0.298151,0.308636,0.333339,0.337582,0.355769
0,104.8309122,315.6906433,1.901925012,289,1,1,2,15,1,10,1,0,7,0,1,1,1,1,1,0,2,0,0,1,1,3,0,1,0,0,0,2,1,-3.02E+03,-3.51E+02,-3.62E+02,4.86E+02,-1.31E+03,4.70E+02,-1.86E+03,-6.04E+02,3.31E+02,-1.52E+03,-3.72E+02,8.45E+02,8.98E+02,7.59E+02,7.52E+02,8.80E+02,4.86E+02,-1.24E+03,-6.22E+02,6.10E+02,-1.16E+03,9.26E+02,-1.90E+03,-6.45E+02,8.96E+02,-7.23E+02,-4.65E+02,-6.87E+02,-2.80E+03,-8.56E+02,1.652585,0.075386,0.078881,0.137999,1.123221,0.126401,1.30486,0.196104,0.074952,1.348246,0.099416,0.354716,0.374679,0.449523,0.468009,0.536776,0.185461,1.006872,0.213875,0.227523,0.706848,0.738443,1.904363,0.276581,0.878042,0.298151,0.308636,0.333339,1.68791,1.067306
0,104.0608981,310.4725546,1.04901308,283,2,6,1,7,5,0,4,1,6,0,0,0,2,0,4,2,0,0,0,0,0,0,0,0,0,0,1,0,0,-2.99E+03,-4.53E+02,-7.54E+02,3.76E+02,9.11E+02,9.00E+02,4.06E+02,-1.05E+03,5.73E+02,1.41E+03,3.72E+02,4.88E+02,-5.18E+02,9.80E+02,-4.34E+02,1.52E+03,-1.09E+03,-5.53E+02,6.22E+02,-6.10E+02,-6.69E+02,-5.35E+02,7.17E+02,-6.45E+02,5.17E+02,7.23E+02,-4.65E+02,1.19E+03,1.25E+03,-4.94E+02,1.618275,0.125643,0.341818,0.082799,0.543494,0.46347,0.062136,0.588311,0.224857,1.168479,0.099416,0.118239,0.124893,0.749205,0.156003,1.610328,0.927307,0.201374,0.213875,0.227523,0.235616,0.246148,0.272052,0.276581,0.292681,0.298151,0.308636,1.000018,0.337582,0.355769
0,104.162533,311.531834,1.870385084,25,2,1,9,12,22,3,0,2,1,1,1,4,1,2,1,0,0,0,0,0,0,0,0,1,0,0,0,0,0,-8.88E+02,4.53E+02,-3.62E+02,9.47E+02,1.18E+03,1.82E+03,1.08E+03,3.48E+02,7.39E+02,-6.78E+02,6.44E+02,-8.45E+02,-1.56E+03,-7.59E+02,-9.71E+02,-8.80E+02,-4.86E+02,5.53E+02,6.22E+02,6.10E+02,6.69E+02,-5.35E+02,7.17E+02,6.45E+02,8.96E+02,7.23E+02,-4.65E+02,-6.87E+02,1.25E+03,4.94E+02,0.142957,0.125643,0.078881,0.524395,0.905823,1.896013,0.434953,0.065368,0.374762,0.269649,0.298248,0.354716,1.124037,0.449523,0.780015,0.536776,0.185461,0.201374,0.213875,0.227523,0.235616,0.246148,0.272052,0.276581,0.878042,0.298151,0.308636,0.333339,0.337582,0.355769
0,101.40841,319.6868941,0.274575486,60,3,5,5,6,11,4,2,0,0,1,3,2,1,2,1,1,0,2,0,3,3,0,0,0,0,0,0,0,0,-1.38E+03,5.36E+02,6.93E+02,7.20E+02,-8.49E+02,-1.30E+03,-1.22E+03,7.79E+02,-3.31E+02,-3.91E+02,6.44E+02,-1.29E+03,-1.16E+03,7.59E+02,9.71E+02,-8.80E+02,8.42E+02,5.53E+02,1.39E+03,-6.10E+02,-1.77E+03,1.41E+03,7.17E+02,-6.45E+02,-5.17E+02,-7.23E+02,4.65E+02,6.87E+02,-1.25E+03,-4.94E+02,0.343097,0.1759,0.289231,0.303597,0.471028,0.969073,0.559226,0.326839,0.074952,0.089883,0.298248,0.827671,0.624465,0.449523,0.780015,0.536776,0.556384,0.201374,1.069374,0.227523,1.649311,1.723034,0.272052,0.276581,0.292681,0.298151,0.308636,0.333339,0.337582,0.355769
0,102.2738956,320.8635107,5.325370576,19,48,37,15,2,9,3,4,0,0,1,0,6,2,3,0,0,1,1,1,1,0,0,0,0,0,2,2,0,0,-7.75E+02,1.99E+03,-1.81E+03,1.21E+03,-5.26E+02,1.18E+03,1.08E+03,1.05E+03,3.31E+02,3.91E+02,6.44E+02,4.88E+02,1.87E+03,9.80E+02,1.15E+03,5.08E+02,4.86E+02,-9.58E+02,-1.08E+03,-1.06E+03,-1.16E+03,-5.35E+02,-7.17E+02,-6.45E+02,5.17E+02,7.23E+02,-1.04E+03,-1.54E+03,-1.25E+03,-4.94E+02,0.108647,2.437473,1.972026,0.855592,0.181165,0.800539,0.434953,0.588311,0.074952,0.089883,0.298248,0.118239,1.623609,0.749205,1.092021,0.178925,0.185461,0.604123,0.641624,0.682568,0.706848,0.246148,0.272052,0.276581,0.292681,0.298151,1.543179,1.666697,0.337582,0.355769
0,100.0967384,317.6703673,6.151381645,8,5,2,6,10,3,3,0,1,0,1,5,2,0,0,0,5,1,2,1,1,2,0,0,1,0,1,0,0,0,-5.03E+02,-6.72E+02,-4.67E+02,7.83E+02,1.08E+03,-7.18E+02,-1.08E+03,-3.48E+02,-5.73E+02,3.91E+02,6.44E+02,-1.62E+03,-1.16E+03,4.38E+02,-4.34E+02,5.08E+02,1.61E+03,9.58E+02,-1.39E+03,1.06E+03,-1.16E+03,-1.20E+03,-7.17E+02,6.45E+02,8.96E+02,7.23E+02,8.05E+02,-6.87E+02,1.25E+03,4.94E+02,0.045746,0.276414,0.131468,0.358797,0.760891,0.294935,0.434953,0.065368,0.224857,0.089883,0.298248,1.300626,0.624465,0.149841,0.156003,0.178925,2.040076,0.604123,1.069374,0.682568,0.706848,1.230738,0.272052,0.276581,0.878042,0.298151,0.925907,0.333339,0.337582,0.355769
0,98.75853597,311.4404368,4.536946102,36,1,7,5,2,0,32,1,10,0,3,2,0,1,0,0,0,0,0,0,0,0,0,1,1,0,0,0,1,0,-1.07E+03,3.51E+02,-8.10E+02,7.20E+02,-5.26E+02,2.71E+02,-3.28E+03,6.04E+02,-1.51E+03,-3.91E+02,9.83E+02,-1.09E+03,-5.18E+02,-7.59E+02,-4.34E+02,-5.08E+02,4.86E+02,-5.53E+02,6.22E+02,-6.10E+02,-6.69E+02,5.35E+02,7.17E+02,1.12E+03,8.96E+02,7.23E+02,4.65E+02,-6.87E+02,-2.17E+03,4.94E+02,0.205858,0.075386,0.394405,0.303597,0.181165,0.042134,4.038853,0.196104,1.574001,0.089883,0.695912,0.591194,0.124893,0.449523,0.156003,0.178925,0.185461,0.201374,0.213875,0.227523,0.235616,0.246148,0.272052,0.829742,0.878042,0.298151,0.308636,0.333339,1.012746,0.355769
0,102.3845722,310.4837804,3.823037137,4,11,0,15,0,0,11,0,1,3,0,1,2,0,0,3,2,2,0,0,0,1,1,0,0,1,0,1,0,0,-3.55E+02,9.71E+02,2.09E+02,1.21E+03,-2.35E+02,-2.71E+02,1.95E+03,3.48E+02,-5.73E+02,1.04E+03,3.72E+02,-8.45E+02,-1.16E+03,4.38E+02,4.34E+02,1.34E+03,-1.09E+03,1.24E+03,-6.22E+02,-6.10E+02,-6.69E+02,9.26E+02,-1.24E+03,-6.45E+02,5.17E+02,-1.25E+03,-4.65E+02,-1.19E+03,-1.25E+03,4.94E+02,0.022873,0.577957,0.026294,0.855592,0.036233,0.042134,1.429132,0.065368,0.224857,0.629181,0.099416,0.354716,0.624465,0.149841,0.156003,1.252477,0.927307,1.006872,0.213875,0.227523,0.235616,0.738443,0.816155,0.276581,0.292681,0.894454,0.308636,1.000018,0.337582,0.355769
0,117.1236564,300.6796646,3.549948791,141,9,8,4,1,1,9,6,0,2,0,0,0,0,1,6,0,1,0,0,2,0,2,0,0,3,0,1,3,0,-2.11E+03,-8.83E+02,-8.62E+02,-6.52E+02,4.08E+02,-4.70E+02,1.77E+03,-1.26E+03,3.31E+02,8.75E+02,3.72E+02,4.88E+02,5.18E+02,4.38E+02,7.52E+02,1.83E+03,-4.86E+02,-9.58E+02,6.22E+02,6.10E+02,1.50E+03,5.35E+02,1.60E+03,-6.45E+02,-5.17E+02,1.91E+03,-4.65E+02,-1.19E+03,-3.31E+03,-4.94E+02,0.806278,0.477443,0.446993,0.248398,0.108699,0.126401,1.180588,0.849782,0.074952,0.449415,0.099416,0.118239,0.124893,0.149841,0.468009,2.326029,0.185461,0.604123,0.213875,0.227523,1.178079,0.246148,1.360259,0.276581,0.292681,2.08706,0.308636,1.000018,2.363074,0.355769
0,97.94877853,316.2179435,2.60895059,128,7,14,2,22,1,1,0,14,6,0,0,0,2,1,0,0,1,3,0,0,1,0,0,0,0,0,0,0,0,-2.01E+03,7.84E+02,-1.13E+03,-4.86E+02,1.58E+03,4.70E+02,7.04E+02,-3.48E+02,-1.78E+03,1.41E+03,3.72E+02,-4.88E+02,-5.18E+02,9.80E+02,7.52E+02,5.08E+02,4.86E+02,9.58E+02,1.65E+03,-6.10E+02,-6.69E+02,9.26E+02,-7.17E+02,-6.45E+02,-5.17E+02,7.23E+02,-4.65E+02,-6.87E+02,1.25E+03,4.94E+02,0.731941,0.376929,0.762517,0.137999,1.630482,0.126401,0.186409,0.065368,2.173621,1.168479,0.099416,0.118239,0.124893,0.749205,0.468009,0.178925,0.185461,0.604123,1.497124,0.227523,0.235616,0.738443,0.272052,0.276581,0.292681,0.298151,0.308636,0.333339,0.337582,0.355769
0,102.5218656,309.7645222,6.116566834,1,18,16,5,3,1,2,6,0,7,1,2,1,1,3,0,1,1,1,0,0,4,0,1,0,0,0,0,0,0,-1.78E+02,-1.23E+03,1.20E+03,-7.20E+02,6.23E+02,4.70E+02,9.09E+02,-1.26E+03,3.31E+02,1.52E+03,6.44E+02,1.09E+03,8.98E+02,-7.59E+02,-1.15E+03,5.08E+02,-8.42E+02,9.58E+02,1.08E+03,-6.10E+02,-6.69E+02,-1.60E+03,-7.17E+02,1.12E+03,5.17E+02,7.23E+02,-4.65E+02,-6.87E+02,1.25E+03,-4.94E+02,0.005718,0.929758,0.867692,0.303597,0.25363,0.126401,0.310681,0.849782,0.074952,1.348246,0.298248,0.591194,0.374679,0.449523,1.092021,0.178925,0.556384,0.604123,0.641624,0.227523,0.235616,2.215329,0.272052,0.829742,0.292681,0.298151,0.308636,0.333339,0.337582,0.355769
0,106.6783563,309.8317175,0.622801311,84,1,10,2,6,14,9,6,0,1,1,0,1,2,0,1,1,3,2,1,0,0,0,3,0,1,0,0,0,0,-1.63E+03,3.51E+02,9.58E+02,-4.86E+02,-8.49E+02,-1.46E+03,1.77E+03,-1.26E+03,3.31E+02,6.78E+02,6.44E+02,4.88E+02,-8.98E+02,9.80E+02,4.34E+02,8.80E+02,8.42E+02,-1.46E+03,-1.39E+03,1.06E+03,-6.69E+02,-5.35E+02,-7.17E+02,-1.71E+03,5.17E+02,-1.25E+03,4.65E+02,-6.87E+02,-1.25E+03,4.94E+02,0.480336,0.075386,0.552167,0.137999,0.471028,1.221875,1.180588,0.849782,0.074952,0.269649,0.298248,0.118239,0.374679,0.749205,0.156003,0.536776,0.556384,1.40962,1.069374,0.682568,0.235616,0.246148,0.272052,1.936065,0.292681,0.894454,0.308636,0.333339,0.337582,0.355769
0,98.4615991,319.3166171,5.967835859,59,6,2,18,4,9,6,0,3,4,5,1,5,8,1,0,3,1,1,0,2,0,0,0,0,2,2,0,0,0,-1.36E+03,7.30E+02,-4.67E+02,1.32E+03,-7.06E+02,-1.18E+03,1.47E+03,3.48E+02,8.75E+02,-1.17E+03,1.23E+03,8.45E+02,1.72E+03,1.81E+03,-7.52E+02,5.08E+02,-1.29E+03,-9.58E+02,1.08E+03,6.10E+02,-1.50E+03,5.35E+02,-7.17E+02,6.45E+02,5.17E+02,1.62E+03,-1.04E+03,6.87E+02,-1.25E+03,4.94E+02,0.337379,0.326672,0.131468,1.02119,0.326096,0.800539,0.807771,0.065368,0.524667,0.808947,1.093576,0.354716,1.373823,2.547297,0.468009,0.178925,1.29823,0.604123,0.641624,0.227523,1.178079,0.246148,0.272052,0.276581,0.292681,1.490757,1.543179,0.333339,0.337582,0.355769
0,101.8624771,312.1104498,3.282030591,61,2,12,37,1,7,4,0,2,5,2,3,3,9,0,0,1,0,0,0,0,1,0,0,1,0,0,0,0,0,-1.39E+03,4.53E+02,-1.05E+03,-1.88E+03,-4.08E+02,1.05E+03,-1.22E+03,-3.48E+02,-7.39E+02,1.30E+03,8.31E+02,-1.29E+03,-1.37E+03,-1.91E+03,4.34E+02,-5.08E+02,8.42E+02,-5.53E+02,6.22E+02,6.10E+02,6.69E+02,-9.26E+02,7.17E+02,6.45E+02,8.96E+02,-7.23E+02,4.65E+02,6.87E+02,-1.25E+03,-4.94E+02,0.348816,0.125643,0.657342,2.069981,0.108699,0.632004,0.559226,0.065368,0.374762,0.988713,0.49708,0.827671,0.874251,2.846979,0.156003,0.178925,0.556384,0.201374,0.213875,0.227523,0.235616,0.738443,0.272052,0.276581,0.878042,0.298151,0.308636,0.333339,0.337582,0.355769
0,93.57120407,317.285302,6.611941512,10,2,3,1,0,0,1,2,1,2,0,0,2,0,1,3,0,0,2,1,1,0,0,0,0,1,0,0,0,0,-5.62E+02,4.53E+02,-5.53E+02,-3.76E+02,-2.35E+02,-2.71E+02,-7.04E+02,-7.79E+02,5.73E+02,-8.75E+02,-3.72E+02,4.88E+02,1.16E+03,4.38E+02,7.52E+02,1.34E+03,4.86E+02,-5.53E+02,1.39E+03,-1.06E+03,-1.16E+03,-5.35E+02,-7.17E+02,6.45E+02,5.17E+02,1.25E+03,4.65E+02,6.87E+02,1.25E+03,-4.94E+02,0.057183,0.125643,0.184056,0.082799,0.036233,0.042134,0.186409,0.326839,0.224857,0.449415,0.099416,0.118239,0.624465,0.149841,0.468009,1.252477,0.185461,0.201374,1.069374,0.682568,0.706848,0.246148,0.272052,0.276581,0.292681,0.894454,0.308636,0.333339,0.337582,0.355769
0,94.77950199,321.4889581,4.903224587,80,0,2,4,41,2,5,0,2,0,3,3,2,0,3,0,7,1,1,1,1,0,0,0,0,0,0,0,0,0,-1.59E+03,-2.03E+02,4.67E+02,6.52E+02,-2.14E+03,-6.07E+02,-1.35E+03,3.48E+02,-7.39E+02,-3.91E+02,9.83E+02,1.29E+03,1.16E+03,4.38E+02,-1.15E+03,5.08E+02,-1.88E+03,-9.58E+02,1.08E+03,-1.06E+03,1.16E+03,-5.35E+02,-7.17E+02,6.45E+02,5.17E+02,-7.23E+02,-4.65E+02,6.87E+02,-1.25E+03,4.94E+02,0.457463,0.025129,0.131468,0.248398,3.007333,0.210668,0.683498,0.065368,0.374762,0.089883,0.695912,0.827671,0.624465,0.149841,1.092021,0.178925,2.781922,0.604123,0.641624,0.682568,0.706848,0.246148,0.272052,0.276581,0.292681,0.298151,0.308636,0.333339,0.337582,0.355769
0,90.20730101,316.4221042,9.986891245,59,13,5,8,5,2,0,1,3,0,0,1,0,0,5,0,0,0,2,0,0,1,0,0,2,1,1,1,0,0,-1.36E+03,-1.05E+03,-6.93E+02,-8.96E+02,7.81E+02,6.07E+02,-4.06E+02,6.04E+02,8.75E+02,3.91E+02,3.72E+02,8.45E+02,5.18E+02,-4.38E+02,-1.44E+03,-5.08E+02,4.86E+02,5.53E+02,1.39E+03,-6.10E+02,-6.69E+02,-9.26E+02,-7.17E+02,6.45E+02,-1.16E+03,1.25E+03,8.05E+02,-1.19E+03,1.25E+03,-4.94E+02,0.337379,0.678472,0.289231,0.469196,0.398562,0.210668,0.062136,0.196104,0.524667,0.089883,0.099416,0.354716,0.124893,0.149841,1.716033,0.178925,0.185461,0.201374,1.069374,0.227523,0.235616,0.738443,0.272052,0.276581,1.463403,0.894454,0.925907,1.000018,0.337582,0.355769
0,100.3790334,315.7858397,3.170864706,100,5,13,4,5,0,0,8,6,2,1,1,0,1,1,0,0,1,0,0,2,0,0,0,0,0,0,3,3,0,-1.78E+03,-6.72E+02,-1.09E+03,-6.52E+02,7.81E+02,-2.71E+02,4.06E+02,-1.44E+03,1.19E+03,-8.75E+02,-6.44E+02,8.45E+02,-5.18E+02,-7.59E+02,7.52E+02,-5.08E+02,-4.86E+02,9.58E+02,6.22E+02,6.10E+02,1.50E+03,5.35E+02,-7.17E+02,-6.45E+02,5.17E+02,-7.23E+02,-4.65E+02,1.82E+03,-3.31E+03,-4.94E+02,0.571829,0.276414,0.709929,0.248398,0.398562,0.042134,0.062136,1.111254,0.974382,0.449415,0.298248,0.354716,0.124893,0.449523,0.468009,0.178925,0.185461,0.604123,0.213875,0.227523,1.178079,0.246148,0.272052,0.276581,0.292681,0.298151,0.308636,2.333376,2.363074,0.355769
0,102.2744815,313.7299839,5.36017478,16,18,6,18,1,14,2,0,2,1,0,1,0,1,1,1,1,1,2,0,1,0,1,0,2,1,1,0,1,0,-7.11E+02,-1.23E+03,-7.54E+02,-1.32E+03,4.08E+02,1.46E+03,9.09E+02,3.48E+02,-7.39E+02,-6.78E+02,3.72E+02,8.45E+02,-5.18E+02,-7.59E+02,-7.52E+02,8.80E+02,-8.42E+02,-9.58E+02,-1.39E+03,-6.10E+02,-1.16E+03,5.35E+02,-1.24E+03,-6.45E+02,1.16E+03,-1.25E+03,8.05E+02,-6.87E+02,-2.17E+03,-4.94E+02,0.091493,0.929758,0.341818,1.02119,0.108699,1.221875,0.310681,0.065368,0.374762,0.269649,0.099416,0.354716,0.124893,0.449523,0.468009,0.536776,0.556384,0.604123,1.069374,0.227523,0.706848,0.246148,0.816155,0.276581,1.463403,0.894454,0.925907,0.333339,1.012746,0.355769
0,97.35881329,316.9803241,0.60733184,47,4,0,2,0,0,4,0,11,2,0,3,0,1,0,1,1,0,0,0,0,1,0,0,0,0,0,1,0,0,-1.22E+03,6.08E+02,2.09E+02,-4.86E+02,-2.35E+02,2.71E+02,1.22E+03,3.48E+02,1.59E+03,-8.75E+02,-3.72E+02,1.29E+03,5.18E+02,7.59E+02,4.34E+02,8.80E+02,-8.42E+02,-5.53E+02,-6.22E+02,6.10E+02,6.69E+02,9.26E+02,7.17E+02,-6.45E+02,-5.17E+02,7.23E+02,-4.65E+02,1.19E+03,-1.25E+03,-4.94E+02,0.268759,0.226157,0.026294,0.137999,0.036233,0.042134,0.559226,0.065368,1.723906,0.449415,0.099416,0.827671,0.124893,0.449523,0.156003,0.536776,0.556384,0.201374,0.213875,0.227523,0.235616,0.738443,0.272052,0.276581,0.292681,0.298151,0.308636,1.000018,0.337582,0.355769
0,101.0485419,316.4443909,1.222542478,26,1,0,4,1,2,1,1,19,1,7,2,1,1,0,0,3,0,1,0,0,2,1,1,0,0,0,0,0,0,-9.06E+02,3.51E+02,-2.09E+02,6.52E+02,-4.08E+02,6.07E+02,7.04E+02,6.04E+02,-2.06E+03,-6.78E+02,-1.44E+03,1.09E+03,-8.98E+02,-7.59E+02,-4.34E+02,-5.08E+02,-1.29E+03,5.53E+02,-1.08E+03,-6.10E+02,6.69E+02,-1.20E+03,1.24E+03,-1.12E+03,-5.17E+02,-7.23E+02,-4.65E+02,-6.87E+02,1.25E+03,4.94E+02,0.148675,0.075386,0.026294,0.248398,0.108699,0.210668,0.186409,0.196104,2.923145,0.269649,1.49124,0.591194,0.374679,0.449523,0.156003,0.178925,1.29823,0.201374,0.641624,0.227523,0.235616,1.230738,0.816155,0.829742,0.292681,0.298151,0.308636,0.333339,0.337582,0.355769
0,102.1549204,317.0340089,2.334994616,6,2,2,6,9,4,3,12,1,0,14,2,1,1,2,1,1,0,0,0,0,0,0,1,0,0,0,0,0,1,-4.35E+02,4.53E+02,-4.67E+02,-7.83E+02,-1.03E+03,8.14E+02,-1.08E+03,1.74E+03,-5.73E+02,-3.91E+02,-2.00E+03,1.09E+03,8.98E+02,7.59E+02,-9.71E+02,-8.80E+02,8.42E+02,5.53E+02,6.22E+02,-6.10E+02,6.69E+02,-5.35E+02,-7.17E+02,-1.12E+03,5.17E+02,-7.23E+02,4.65E+02,6.87E+02,1.25E+03,8.56E+02,0.03431,0.125643,0.131468,0.358797,0.688426,0.379203,0.434953,1.634197,0.224857,0.089883,2.883064,0.591194,0.374679,0.449523,0.780015,0.536776,0.556384,0.201374,0.213875,0.227523,0.235616,0.246148,0.272052,0.829742,0.292681,0.298151,0.308636,0.333339,0.337582,1.067306
0,103.3381764,309.7311834,0.603389198,31,1,3,6,2,1,3,1,5,0,1,0,4,0,0,1,1,0,1,0,1,1,0,1,0,1,1,0,0,0,-9.89E+02,3.51E+02,-5.53E+02,-7.83E+02,-5.26E+02,-4.70E+02,-1.08E+03,6.04E+02,1.10E+03,-3.91E+02,-6.44E+02,4.88E+02,1.56E+03,-4.38E+02,-4.34E+02,8.80E+02,-8.42E+02,-5.53E+02,-1.08E+03,-6.10E+02,-1.16E+03,9.26E+02,-7.17E+02,-1.12E+03,5.17E+02,-1.25E+03,-8.05E+02,-6.87E+02,1.25E+03,4.94E+02,0.177267,0.075386,0.184056,0.358797,0.181165,0.126401,0.434953,0.196104,0.824477,0.089883,0.298248,0.118239,1.124037,0.149841,0.156003,0.536776,0.556384,0.201374,0.641624,0.227523,0.706848,0.738443,0.272052,0.829742,0.292681,0.894454,0.925907,0.333339,0.337582,0.355769
0,99.40652065,321.7901637,0.067193388,54,24,0,0,17,14,5,5,1,2,4,0,0,1,1,1,0,1,1,1,0,1,0,1,2,0,0,0,0,0,-1.31E+03,-1.42E+03,-2.09E+02,-2.17E+02,1.39E+03,1.46E+03,-1.35E+03,1.16E+03,-5.73E+02,-8.75E+02,1.11E+03,-4.88E+02,5.18E+02,-7.59E+02,-7.52E+02,8.80E+02,-4.86E+02,-9.58E+02,1.08E+03,-1.06E+03,6.69E+02,-9.26E+02,-7.17E+02,-1.12E+03,1.16E+03,-7.23E+02,4.65E+02,-6.87E+02,1.25E+03,4.94E+02,0.308788,1.231301,0.026294,0.0276,1.268152,1.221875,0.683498,0.719047,0.224857,0.449415,0.894744,0.118239,0.124893,0.449523,0.468009,0.536776,0.185461,0.604123,0.641624,0.682568,0.235616,0.738443,0.272052,0.829742,1.463403,0.298151,0.308636,0.333339,0.337582,0.355769
0,100.3559604,310.1410307,1.382762269,8,0,5,1,2,8,2,1,0,2,1,0,2,2,2,0,0,0,0,0,0,2,0,0,0,1,1,0,0,0,-5.03E+02,2.03E+02,-6.93E+02,3.76E+02,5.26E+02,1.12E+03,-9.09E+02,6.04E+02,-3.31E+02,8.75E+02,-6.44E+02,4.88E+02,-1.16E+03,9.80E+02,-9.71E+02,-5.08E+02,-4.86E+02,-5.53E+02,6.22E+02,6.10E+02,6.69E+02,-1.20E+03,-7.17E+02,6.45E+02,-5.17E+02,1.25E+03,8.05E+02,-6.87E+02,-1.25E+03,4.94E+02,0.045746,0.025129,0.289231,0.082799,0.181165,0.716272,0.310681,0.196104,0.074952,0.449415,0.298248,0.118239,0.624465,0.749205,0.780015,0.178925,0.185461,0.201374,0.213875,0.227523,0.235616,1.230738,0.272052,0.276581,0.292681,0.894454,0.925907,0.333339,0.337582,0.355769
0,104.7497244,316.516234,3.424330921,257,25,5,3,3,16,20,0,10,3,0,0,1,1,0,0,1,2,0,0,0,0,3,0,2,0,1,0,0,2,-2.85E+03,-1.45E+03,6.93E+02,-5.75E+02,-6.23E+02,1.56E+03,-2.60E+03,3.48E+02,-1.51E+03,-1.04E+03,-3.72E+02,4.88E+02,8.98E+02,7.59E+02,-4.34E+02,-5.08E+02,-8.42E+02,-1.24E+03,-6.22E+02,-6.10E+02,-6.69E+02,5.35E+02,-1.90E+03,6.45E+02,1.16E+03,7.23E+02,-8.05E+02,-6.87E+02,-1.25E+03,-1.10E+03,1.4696,1.281558,0.289231,0.193198,0.25363,1.39041,2.547584,0.065368,1.574001,0.629181,0.099416,0.118239,0.374679,0.449523,0.156003,0.178925,0.556384,1.006872,0.213875,0.227523,0.235616,0.246148,1.904363,0.276581,1.463403,0.298151,0.925907,0.333339,0.337582,1.778843
0,104.0468565,314.8111124,1.369650357,50,13,6,6,10,0,4,3,5,4,1,3,4,2,3,0,1,0,2,0,1,0,3,0,0,2,2,0,0,1,-1.26E+03,-1.05E+03,7.54E+02,-7.83E+02,-1.08E+03,-2.71E+02,-1.22E+03,-9.22E+02,1.10E+03,1.17E+03,6.44E+02,1.29E+03,1.56E+03,-9.80E+02,-1.15E+03,5.08E+02,8.42E+02,-5.53E+02,-1.39E+03,6.10E+02,1.16E+03,-5.35E+02,1.90E+03,6.45E+02,5.17E+02,-1.62E+03,1.04E+03,-6.87E+02,1.25E+03,8.56E+02,0.285914,0.678472,0.341818,0.358797,0.760891,0.042134,0.559226,0.457575,0.824477,0.808947,0.298248,0.827671,1.124037,0.749205,1.092021,0.178925,0.556384,0.201374,1.069374,0.227523,0.706848,0.246148,1.904363,0.276581,0.292681,1.490757,1.543179,0.333339,0.337582,1.067306
0,105.6285278,308.1588237,1.600035586,41,2,17,12,10,2,4,2,2,5,1,0,0,0,0,0,0,0,1,0,0,2,0,1,0,0,0,1,1,1,-1.14E+03,-4.53E+02,1.24E+03,1.09E+03,1.08E+03,6.07E+02,1.22E+03,7.79E+02,7.39E+02,1.30E+03,6.44E+02,-4.88E+02,5.18E+02,4.38E+02,-4.34E+02,-5.08E+02,-4.86E+02,5.53E+02,1.08E+03,6.10E+02,6.69E+02,-1.20E+03,-7.17E+02,1.12E+03,5.17E+02,7.23E+02,4.65E+02,1.19E+03,-2.17E+03,-8.56E+02,0.23445,0.125643,0.920279,0.689994,0.760891,0.210668,0.559226,0.326839,0.374762,0.988713,0.298248,0.118239,0.124893,0.149841,0.156003,0.178925,0.185461,0.201374,0.641624,0.227523,0.235616,1.230738,0.272052,0.829742,0.292681,0.298151,0.308636,1.000018,1.012746,1.067306
0,108.5999203,307.2069145,1.989246513,115,1,11,13,32,7,0,2,2,2,3,5,0,1,0,1,2,0,1,0,1,0,0,0,0,0,0,0,0,0,-1.91E+03,3.51E+02,-1.00E+03,1.13E+03,-1.90E+03,-1.05E+03,4.06E+02,7.79E+02,7.39E+02,-8.75E+02,9.83E+02,1.62E+03,5.18E+02,7.59E+02,4.34E+02,8.80E+02,1.09E+03,5.53E+02,1.08E+03,-6.10E+02,-1.16E+03,5.35E+02,7.17E+02,6.45E+02,-5.17E+02,7.23E+02,4.65E+02,-6.87E+02,-1.25E+03,-4.94E+02,0.657603,0.075386,0.604755,0.745193,2.35514,0.632004,0.062136,0.326839,0.374762,0.449415,0.695912,1.300626,0.124893,0.449523,0.156003,0.536776,0.927307,0.201374,0.641624,0.227523,0.706848,0.246148,0.272052,0.276581,0.292681,0.298151,0.308636,0.333339,0.337582,0.355769
0,106.5410132,312.9883378,1.503100889,35,4,6,31,4,4,7,0,3,0,1,0,0,0,0,0,3,1,0,0,0,0,0,2,1,0,0,2,0,1,-1.05E+03,-6.08E+02,-7.54E+02,-1.72E+03,-7.06E+02,8.14E+02,-1.57E+03,3.48E+02,8.75E+02,-3.91E+02,-6.44E+02,-4.88E+02,-5.18E+02,-4.38E+02,-4.34E+02,-5.08E+02,1.29E+03,-9.58E+02,6.22E+02,-6.10E+02,6.69E+02,5.35E+02,-7.17E+02,1.44E+03,-8.96E+02,-7.23E+02,-4.65E+02,1.54E+03,-1.25E+03,8.56E+02,0.20014,0.226157,0.341818,1.738784,0.326096,0.379203,0.932043,0.065368,0.524667,0.089883,0.298248,0.118239,0.124893,0.149841,0.156003,0.178925,1.29823,0.604123,0.213875,0.227523,0.235616,0.246148,0.272052,1.382903,0.878042,0.298151,0.308636,1.666697,0.337582,1.067306
0,100.9447515,313.8220901,3.619787318,173,20,6,3,0,0,4,2,3,1,2,2,1,1,0,0,0,2,3,0,1,0,0,0,0,1,0,1,1,0,-2.34E+03,-1.30E+03,-7.54E+02,5.75E+02,-2.35E+02,-2.71E+02,-1.22E+03,7.79E+02,-8.75E+02,-6.78E+02,-8.31E+02,1.09E+03,8.98E+02,7.59E+02,4.34E+02,-5.08E+02,-4.86E+02,-1.24E+03,1.65E+03,6.10E+02,1.16E+03,5.35E+02,-7.17E+02,-6.45E+02,-5.17E+02,-1.25E+03,4.65E+02,-1.19E+03,2.17E+03,4.94E+02,0.989264,1.030272,0.341818,0.193198,0.036233,0.042134,0.559226,0.326839,0.524667,0.269649,0.49708,0.591194,0.374679,0.449523,0.156003,0.178925,0.185461,1.006872,1.497124,0.227523,0.706848,0.246148,0.272052,0.276581,0.292681,0.894454,0.308636,1.000018,1.012746,0.355769
0,98.27296278,314.4285296,1.594465217,103,4,4,9,8,4,2,6,0,0,3,2,2,0,0,0,1,1,3,0,0,0,0,1,0,0,0,0,1,0,-1.80E+03,6.08E+02,6.27E+02,9.47E+02,-9.70E+02,-8.14E+02,-9.09E+02,-1.26E+03,-3.31E+02,-3.91E+02,-9.83E+02,-1.09E+03,1.16E+03,4.38E+02,4.34E+02,5.08E+02,-8.42E+02,9.58E+02,1.65E+03,-6.10E+02,-6.69E+02,-5.35E+02,7.17E+02,1.12E+03,5.17E+02,7.23E+02,-4.65E+02,6.87E+02,-2.17E+03,-4.94E+02,0.588984,0.226157,0.236643,0.524395,0.61596,0.379203,0.310681,0.849782,0.074952,0.089883,0.695912,0.591194,0.624465,0.149841,0.156003,0.178925,0.556384,0.604123,1.497124,0.227523,0.235616,0.246148,0.272052,0.829742,0.292681,0.298151,0.308636,0.333339,1.012746,0.355769
0,103.643026,314.9537256,0.9563049,64,5,3,0,9,2,0,23,0,1,3,0,0,0,2,0,2,0,1,0,0,0,1,0,0,0,0,1,2,1,-1.42E+03,6.72E+02,-5.53E+02,-2.17E+02,-1.03E+03,6.07E+02,4.06E+02,2.39E+03,-3.31E+02,6.78E+02,-9.83E+02,4.88E+02,-5.18E+02,-4.38E+02,9.71E+02,5.08E+02,1.09E+03,5.53E+02,1.08E+03,6.10E+02,6.69E+02,-5.35E+02,-1.24E+03,-6.45E+02,-5.17E+02,7.23E+02,-4.65E+02,-1.19E+03,2.80E+03,-8.56E+02,0.36597,0.276414,0.184056,0.0276,0.688426,0.210668,0.062136,3.072291,0.074952,0.269649,0.695912,0.118239,0.124893,0.149841,0.780015,0.178925,0.927307,0.201374,0.641624,0.227523,0.235616,0.246148,0.816155,0.276581,0.292681,0.298151,0.308636,1.000018,1.68791,1.067306
0,97.07424832,318.9222344,1.406953714,102,10,1,2,4,12,0,3,4,3,0,1,2,3,0,0,2,0,0,0,1,1,0,0,0,2,2,0,0,0,-1.79E+03,9.28E+02,3.62E+02,4.86E+02,-7.06E+02,-1.36E+03,-4.06E+02,9.22E+02,9.92E+02,-1.04E+03,-3.72E+02,8.45E+02,-1.16E+03,1.16E+03,-4.34E+02,-5.08E+02,-1.09E+03,5.53E+02,6.22E+02,-6.10E+02,1.16E+03,-9.26E+02,7.17E+02,-6.45E+02,-5.17E+02,1.62E+03,-1.04E+03,6.87E+02,-1.25E+03,-4.94E+02,0.583265,0.5277,0.078881,0.137999,0.326096,1.053341,0.062136,0.457575,0.674572,0.629181,0.099416,0.354716,0.624465,1.048887,0.156003,0.178925,0.927307,0.201374,0.213875,0.227523,0.706848,0.738443,0.272052,0.276581,0.292681,1.490757,1.543179,0.333339,0.337582,0.355769
0,100.3380406,318.1266842,0.881245111,22,19,8,4,4,9,0,1,0,14,4,0,3,4,0,3,0,1,0,0,0,1,0,0,2,0,0,0,0,0,-8.33E+02,-1.26E+03,-8.62E+02,6.52E+02,-7.06E+02,1.18E+03,4.06E+02,-6.04E+02,3.31E+02,-2.11E+03,-1.11E+03,-4.88E+02,-1.37E+03,1.32E+03,4.34E+02,-1.34E+03,-4.86E+02,-9.58E+02,-6.22E+02,6.10E+02,6.69E+02,-9.26E+02,7.17E+02,-6.45E+02,-1.16E+03,-7.23E+02,-4.65E+02,6.87E+02,1.25E+03,-4.94E+02,0.125802,0.980015,0.446993,0.248398,0.326096,0.800539,0.062136,0.196104,0.074952,2.606608,0.894744,0.118239,0.874251,1.348569,0.156003,1.252477,0.185461,0.604123,0.213875,0.227523,0.235616,0.738443,0.272052,0.276581,1.463403,0.298151,0.308636,0.333339,0.337582,0.355769
0,97.18528734,316.314395,2.674899532,240,5,24,1,11,0,6,2,0,3,0,1,2,0,2,1,0,5,0,0,0,2,1,0,0,0,0,0,0,0,-2.75E+03,-6.72E+02,1.46E+03,3.76E+02,1.13E+03,-2.71E+02,1.47E+03,-7.79E+02,3.31E+02,1.04E+03,3.72E+02,-8.45E+02,1.16E+03,4.38E+02,-9.71E+02,-8.80E+02,4.86E+02,1.83E+03,-6.22E+02,-6.10E+02,6.69E+02,-1.20E+03,-1.24E+03,-6.45E+02,-5.17E+02,7.23E+02,4.65E+02,-6.87E+02,1.25E+03,-4.94E+02,1.372389,0.276414,1.288391,0.082799,0.833357,0.042134,0.807771,0.326839,0.074952,0.629181,0.099416,0.354716,0.624465,0.149841,0.780015,0.536776,0.185461,2.215118,0.213875,0.227523,0.235616,1.230738,0.816155,0.276581,0.292681,0.298151,0.308636,0.333339,0.337582,0.355769
0,101.5194265,312.1128709,1.664421223,2,16,30,6,2,1,0,0,0,0,1,0,8,3,1,0,0,1,0,1,0,0,0,0,0,0,1,1,0,0,-2.51E+02,1.16E+03,-1.63E+03,-7.83E+02,-5.26E+02,4.70E+02,-4.06E+02,-3.48E+02,3.31E+02,-3.91E+02,6.44E+02,4.88E+02,2.14E+03,-1.16E+03,7.52E+02,-5.08E+02,-4.86E+02,-9.58E+02,6.22E+02,1.06E+03,6.69E+02,5.35E+02,7.17E+02,6.45E+02,5.17E+02,7.23E+02,8.05E+02,1.19E+03,1.25E+03,-4.94E+02,0.011437,0.829243,1.603915,0.358797,0.181165,0.126401,0.062136,0.065368,0.074952,0.089883,0.298248,0.118239,2.12318,1.048887,0.468009,0.178925,0.185461,0.604123,0.213875,0.682568,0.235616,0.246148,0.272052,0.276581,0.292681,0.298151,0.925907,1.000018,0.337582,0.355769
0,109.2159878,311.9974491,0.154416143,26,9,3,1,0,0,1,2,7,2,0,3,1,0,0,0,2,2,2,0,0,1,1,1,0,1,1,3,2,0,-9.06E+02,8.83E+02,-5.53E+02,-3.76E+02,-2.35E+02,-2.71E+02,-7.04E+02,-7.79E+02,-1.28E+03,8.75E+02,3.72E+02,1.29E+03,-8.98E+02,4.38E+02,-4.34E+02,5.08E+02,1.09E+03,1.24E+03,1.39E+03,-6.10E+02,-6.69E+02,-9.26E+02,1.24E+03,1.12E+03,-5.17E+02,-1.25E+03,8.05E+02,1.82E+03,2.80E+03,4.94E+02,0.148675,0.477443,0.184056,0.082799,0.036233,0.042134,0.186409,0.326839,1.124287,0.449415,0.099416,0.827671,0.374679,0.149841,0.156003,0.178925,0.927307,1.006872,1.069374,0.227523,0.235616,0.738443,0.816155,0.829742,0.292681,0.894454,0.925907,2.333376,1.68791,0.355769
0,102.2669514,312.1327194,5.595241866,607,0,10,1,22,9,0,0,3,0,0,0,1,1,0,2,2,1,4,0,1,0,0,0,0,0,0,0,0,0,-4.38E+03,-2.03E+02,9.58E+02,-3.76E+02,1.58E+03,-1.18E+03,4.06E+02,3.48E+02,-8.75E+02,-3.91E+02,3.72E+02,-4.88E+02,8.98E+02,-7.59E+02,-4.34E+02,-1.14E+03,-1.09E+03,-9.58E+02,1.87E+03,-6.10E+02,-1.16E+03,5.35E+02,7.17E+02,-6.45E+02,-5.17E+02,-7.23E+02,4.65E+02,6.87E+02,-1.25E+03,4.94E+02,3.471,0.025129,0.552167,0.082799,1.630482,0.800539,0.062136,0.065368,0.524667,0.089883,0.099416,0.118239,0.374679,0.449523,0.156003,0.894627,0.927307,0.604123,1.924873,0.227523,0.706848,0.246148,0.272052,0.276581,0.292681,0.298151,0.308636,0.333339,0.337582,0.355769
0,107.0974786,310.8761102,4.333051393,75,23,3,3,14,0,0,3,2,2,0,2,1,0,1,0,0,1,0,2,0,0,0,0,0,0,1,0,2,1,-1.54E+03,-1.39E+03,5.53E+02,-5.75E+02,-1.27E+03,-2.71E+02,4.06E+02,9.22E+02,7.39E+02,-8.75E+02,-3.72E+02,-1.09E+03,-8.98E+02,-4.38E+02,7.52E+02,5.08E+02,4.86E+02,-9.58E+02,6.22E+02,1.36E+03,-6.69E+02,5.35E+02,-7.17E+02,-6.45E+02,-5.17E+02,7.23E+02,8.05E+02,-6.87E+02,-2.80E+03,-8.56E+02,0.428872,1.181043,0.184056,0.193198,1.050755,0.042134,0.062136,0.457575,0.374762,0.449415,0.099416,0.591194,0.374679,0.149841,0.468009,0.178925,0.185461,0.604123,0.213875,1.137613,0.235616,0.246148,0.272052,0.276581,0.292681,0.298151,0.925907,0.333339,1.68791,1.067306
0,99.15648497,310.5995266,3.129984273,265,2,0,3,5,15,4,1,7,1,3,1,0,0,0,0,0,0,0,0,0,0,0,1,0,0,0,0,0,0,-2.89E+03,4.53E+02,-2.09E+02,5.75E+02,-7.81E+02,-1.51E+03,-1.22E+03,6.04E+02,-1.28E+03,6.78E+02,9.83E+02,8.45E+02,5.18E+02,-4.38E+02,-4.34E+02,5.08E+02,-4.86E+02,-5.53E+02,6.22E+02,6.10E+02,6.69E+02,5.35E+02,7.17E+02,1.12E+03,5.17E+02,-7.23E+02,-4.65E+02,-6.87E+02,-1.25E+03,-4.94E+02,1.515346,0.125643,0.026294,0.193198,0.398562,1.306142,0.559226,0.196104,1.124287,0.269649,0.695912,0.354716,0.124893,0.149841,0.156003,0.178925,0.185461,0.201374,0.213875,0.227523,0.235616,0.246148,0.272052,0.829742,0.292681,0.298151,0.308636,0.333339,0.337582,0.355769
0,101.0061407,305.0828949,8.393032586,60,25,12,6,10,2,4,1,0,1,0,0,3,0,0,3,0,0,1,1,0,1,0,0,0,1,0,0,0,0,-1.38E+03,1.45E+03,-1.05E+03,7.83E+02,-1.08E+03,6.07E+02,-1.22E+03,6.04E+02,-3.31E+02,6.78E+02,3.72E+02,-4.88E+02,-1.37E+03,4.38E+02,-4.34E+02,-1.34E+03,-4.86E+02,5.53E+02,-1.08E+03,1.06E+03,-6.69E+02,9.26E+02,-7.17E+02,6.45E+02,-5.17E+02,1.25E+03,4.65E+02,-6.87E+02,-1.25E+03,4.94E+02,0.343097,1.281558,0.657342,0.358797,0.760891,0.210668,0.559226,0.196104,0.074952,0.269649,0.099416,0.118239,0.874251,0.149841,0.156003,1.252477,0.185461,0.201374,0.641624,0.682568,0.235616,0.738443,0.272052,0.276581,0.292681,0.894454,0.308636,0.333339,0.337582,0.355769
0,101.8979181,318.9127981,0.412445988,56,1,23,0,7,6,1,0,0,1,5,2,3,2,0,2,1,0,2,1,0,0,0,0,1,0,0,4,1,0,-1.33E+03,3.51E+02,1.43E+03,-2.17E+02,9.11E+02,9.78E+02,-7.04E+02,3.48E+02,3.31E+02,6.78E+02,1.23E+03,-1.09E+03,1.37E+03,9.80E+02,4.34E+02,-1.14E+03,8.42E+02,5.53E+02,1.39E+03,1.06E+03,6.69E+02,5.35E+02,-7.17E+02,-6.45E+02,-8.96E+02,-7.23E+02,-4.65E+02,-2.06E+03,-2.17E+03,4.94E+02,0.320224,0.075386,1.235803,0.0276,0.543494,0.547737,0.186409,0.065368,0.074952,0.269649,1.093576,0.591194,0.874251,0.749205,0.156003,0.894627,0.556384,0.201374,1.069374,0.682568,0.235616,0.246148,0.272052,0.276581,0.878042,0.298151,0.308636,3.000055,1.012746,0.355769
0,92.86910064,313.0877045,9.579850837,79,10,21,11,17,16,1,0,2,0,1,0,0,4,0,1,0,0,0,1,2,0,0,1,0,0,0,0,0,0,-1.58E+03,9.28E+02,-1.37E+03,1.04E+03,-1.39E+03,1.56E+03,-7.04E+02,3.48E+02,7.39E+02,-3.91E+02,-6.44E+02,4.88E+02,-5.18E+02,-1.32E+03,-4.34E+02,-8.80E+02,4.86E+02,5.53E+02,-6.22E+02,1.06E+03,1.50E+03,5.35E+02,-7.17E+02,-1.12E+03,-5.17E+02,-7.23E+02,4.65E+02,6.87E+02,-1.25E+03,-4.94E+02,0.451745,0.5277,1.130628,0.634794,1.268152,1.39041,0.186409,0.065368,0.374762,0.089883,0.298248,0.118239,0.124893,1.348569,0.156003,0.536776,0.185461,0.201374,0.213875,0.682568,1.178079,0.246148,0.272052,0.829742,0.292681,0.298151,0.308636,0.333339,0.337582,0.355769
1,95.2039995,316.6770453,10.3024279,285,11,31,23,8,5,8,8,0,2,2,3,1,1,1,1,1,0,2,1,1,0,2,0,0,1,0,0,1,1,-3.00E+03,9.71E+02,-1.66E+03,1.49E+03,9.70E+02,9.00E+02,1.68E+03,-1.44E+03,-3.31E+02,-8.75E+02,-8.31E+02,1.29E+03,-8.98E+02,-7.59E+02,-7.52E+02,-8.80E+02,8.42E+02,-5.53E+02,-1.39E+03,1.06E+03,1.16E+03,5.35E+02,1.60E+03,6.45E+02,-5.17E+02,1.25E+03,4.65E+02,-6.87E+02,-2.17E+03,8.56E+02,1.629712,0.577957,1.656502,1.297188,0.61596,0.46347,1.056315,1.111254,0.074952,0.449415,0.49708,0.827671,0.374679,0.449523,0.468009,0.536776,0.556384,0.201374,1.069374,0.682568,0.706848,0.246148,1.360259,0.276581,0.292681,0.894454,0.308636,0.333339,1.012746,1.067306
1,90.97495664,325.7170812,4.239379417,22,23,28,10,20,4,0,3,4,0,2,3,0,2,1,1,1,1,0,1,0,0,1,0,0,0,2,0,0,0,-8.33E+02,-1.39E+03,1.58E+03,9.95E+02,1.51E+03,-8.14E+02,-4.06E+02,-9.22E+02,9.92E+02,-3.91E+02,-8.31E+02,1.29E+03,5.18E+02,-9.80E+02,7.52E+02,8.80E+02,-8.42E+02,-9.58E+02,6.22E+02,-1.06E+03,6.69E+02,5.35E+02,-1.24E+03,-6.45E+02,5.17E+02,7.23E+02,-1.04E+03,6.87E+02,-1.25E+03,4.94E+02,0.125802,1.181043,1.49874,0.579595,1.48555,0.379203,0.062136,0.457575,0.674572,0.089883,0.49708,0.827671,0.124893,0.749205,0.468009,0.536776,0.556384,0.604123,0.213875,0.682568,0.235616,0.246148,0.816155,0.276581,0.292681,0.298151,1.543179,0.333339,0.337582,0.355769
1,108.1756344,304.0045446,7.748095647,79,5,3,2,6,9,10,1,1,3,2,0,0,1,0,0,0,1,1,0,3,1,0,0,0,1,1,0,1,0,-1.58E+03,-6.72E+02,5.53E+02,-4.86E+02,-8.49E+02,1.18E+03,1.86E+03,6.04E+02,5.73E+02,-1.04E+03,-8.31E+02,-4.88E+02,-5.18E+02,-7.59E+02,-4.34E+02,-5.08E+02,-4.86E+02,9.58E+02,-1.08E+03,6.10E+02,1.77E+03,-9.26E+02,-7.17E+02,6.45E+02,-5.17E+02,-1.25E+03,-8.05E+02,6.87E+02,-2.17E+03,4.94E+02,0.451745,0.276414,0.184056,0.137999,0.471028,0.800539,1.30486,0.196104,0.224857,0.629181,0.49708,0.118239,0.124893,0.449523,0.156003,0.178925,0.185461,0.604123,0.641624,0.227523,1.649311,0.738443,0.272052,0.276581,0.292681,0.894454,0.925907,0.333339,1.012746,0.355769
1,100.2884933,309.7677327,4.26409114,78,1,0,26,6,2,0,6,0,2,1,0,2,0,0,0,0,2,0,0,0,0,1,0,0,0,0,0,0,0,-1.57E+03,3.51E+02,-2.09E+02,-1.58E+03,8.49E+02,6.07E+02,-4.06E+02,-1.26E+03,3.31E+02,-8.75E+02,-6.44E+02,-4.88E+02,-1.16E+03,4.38E+02,-4.34E+02,5.08E+02,4.86E+02,-1.24E+03,6.22E+02,6.10E+02,-6.69E+02,-5.35E+02,1.24E+03,6.45E+02,-5.17E+02,-7.23E+02,4.65E+02,6.87E+02,-1.25E+03,-4.94E+02,0.446026,0.075386,0.026294,1.462786,0.471028,0.210668,0.062136,0.849782,0.074952,0.449415,0.298248,0.118239,0.624465,0.149841,0.156003,0.178925,0.185461,1.006872,0.213875,0.227523,0.235616,0.246148,0.816155,0.276581,0.292681,0.298151,0.308636,0.333339,0.337582,0.355769
1,105.1927364,307.340925,7.026872369,138,3,12,0,15,0,0,2,1,4,2,5,2,1,2,1,0,0,0,0,1,0,0,4,0,0,0,1,0,0,-2.09E+03,-5.36E+02,1.05E+03,2.17E+02,1.31E+03,2.71E+02,4.06E+02,7.79E+02,5.73E+02,-1.17E+03,-8.31E+02,1.62E+03,1.16E+03,7.59E+02,9.71E+02,-8.80E+02,-4.86E+02,5.53E+02,6.22E+02,6.10E+02,-1.16E+03,-5.35E+02,-7.17E+02,1.94E+03,-5.17E+02,-7.23E+02,-4.65E+02,1.19E+03,1.25E+03,4.94E+02,0.789124,0.1759,0.657342,0.0276,1.123221,0.042134,0.062136,0.326839,0.224857,0.808947,0.49708,1.300626,0.624465,0.449523,0.780015,0.536776,0.185461,0.201374,0.213875,0.227523,0.706848,0.246148,0.272052,2.489226,0.292681,0.298151,0.308636,1.000018,0.337582,0.355769
1,106.5145539,309.1252718,6.851847861,33,9,6,8,0,24,0,4,1,7,0,0,7,1,1,1,0,0,0,0,0,2,0,0,1,0,2,0,1,0,-1.02E+03,-8.83E+02,7.54E+02,-8.96E+02,2.35E+02,-1.90E+03,-4.06E+02,-1.05E+03,5.73E+02,-1.52E+03,3.72E+02,-4.88E+02,2.01E+03,7.59E+02,7.52E+02,-8.80E+02,-4.86E+02,-5.53E+02,6.22E+02,6.10E+02,6.69E+02,-1.20E+03,7.17E+02,6.45E+02,-8.96E+02,7.23E+02,-1.04E+03,6.87E+02,2.17E+03,4.94E+02,0.188703,0.477443,0.341818,0.469196,0.036233,2.064548,0.062136,0.588311,0.224857,1.348246,0.099416,0.118239,1.873394,0.449523,0.468009,0.536776,0.185461,0.201374,0.213875,0.227523,0.235616,1.230738,0.272052,0.276581,0.878042,0.298151,1.543179,0.333339,1.012746,0.355769
1,100.280062,312.184476,7.531524334,46,1,3,0,8,2,1,4,14,5,1,1,8,3,1,0,2,0,0,0,0,2,0,1,2,0,0,0,0,0,-1.21E+03,3.51E+02,-5.53E+02,-2.17E+02,-9.70E+02,6.07E+02,-7.04E+02,1.05E+03,1.78E+03,1.30E+03,-6.44E+02,-8.45E+02,-2.14E+03,-1.16E+03,7.52E+02,-5.08E+02,1.09E+03,5.53E+02,6.22E+02,6.10E+02,-6.69E+02,1.20E+03,7.17E+02,1.12E+03,-1.16E+03,7.23E+02,-4.65E+02,6.87E+02,1.25E+03,4.94E+02,0.263041,0.075386,0.184056,0.0276,0.61596,0.210668,0.186409,0.588311,2.173621,0.988713,0.298248,0.354716,2.12318,1.048887,0.468009,0.178925,0.927307,0.201374,0.213875,0.227523,0.235616,1.230738,0.272052,0.829742,1.463403,0.298151,0.308636,0.333339,0.337582,0.355769
1,97.13976835,321.3967766,4.368520925,141,22,15,2,12,2,0,0,3,4,7,3,2,1,0,4,0,0,1,1,1,1,0,1,1,0,0,0,1,0,-2.11E+03,-1.36E+03,-1.16E+03,4.86E+02,-1.18E+03,6.07E+02,4.06E+02,-3.48E+02,8.75E+02,-1.17E+03,1.44E+03,1.29E+03,-1.16E+03,-7.59E+02,4.34E+02,-1.52E+03,4.86E+02,-5.53E+02,1.08E+03,1.06E+03,-1.16E+03,9.26E+02,7.17E+02,-1.12E+03,-8.96E+02,-7.23E+02,4.65E+02,6.87E+02,-2.17E+03,4.94E+02,0.806278,1.130786,0.815104,0.137999,0.905823,0.210668,0.062136,0.065368,0.524667,0.808947,1.49124,0.827671,0.624465,0.449523,0.156003,1.610328,0.185461,0.201374,0.641624,0.682568,0.706848,0.738443,0.272052,0.829742,0.878042,0.298151,0.308636,0.333339,1.012746,0.355769
1,102.6301393,316.8741866,0.664171714,87,1,33,1,13,4,1,7,3,0,1,6,2,0,1,0,0,1,4,0,0,0,0,0,0,0,0,0,0,0,-1.66E+03,3.51E+02,1.71E+03,3.76E+02,1.22E+03,8.14E+02,7.04E+02,-1.35E+03,8.75E+02,-3.91E+02,6.44E+02,1.76E+03,-1.16E+03,4.38E+02,7.52E+02,-5.08E+02,4.86E+02,9.58E+02,-1.87E+03,-6.10E+02,-6.69E+02,5.35E+02,-7.17E+02,6.45E+02,5.17E+02,7.23E+02,-4.65E+02,6.87E+02,1.25E+03,-4.94E+02,0.497491,0.075386,1.761677,0.082799,0.978289,0.379203,0.186409,0.980518,0.524667,0.089883,0.298248,1.537104,0.624465,0.149841,0.468009,0.178925,0.185461,0.604123,1.924873,0.227523,0.235616,0.246148,0.272052,0.276581,0.292681,0.298151,0.308636,0.333339,0.337582,0.355769
1,88.91194716,324.9611767,7.123593979,24,56,7,6,8,5,3,3,10,0,2,1,0,1,1,2,2,1,0,0,0,0,2,0,0,0,1,0,0,0,-8.71E+02,-2.15E+03,8.10E+02,-7.83E+02,9.70E+02,-9.00E+02,-1.08E+03,9.22E+02,1.51E+03,-3.91E+02,8.31E+02,8.45E+02,5.18E+02,-7.59E+02,7.52E+02,-1.14E+03,1.09E+03,9.58E+02,6.22E+02,6.10E+02,6.69E+02,5.35E+02,-1.60E+03,-6.45E+02,-5.17E+02,-7.23E+02,8.05E+02,6.87E+02,1.25E+03,4.94E+02,0.137239,2.83953,0.394405,0.358797,0.61596,0.46347,0.434953,0.457575,1.574001,0.089883,0.49708,0.354716,0.124893,0.449523,0.468009,0.894627,0.927307,0.604123,0.213875,0.227523,0.235616,0.246148,1.360259,0.276581,0.292681,0.298151,0.925907,0.333339,0.337582,0.355769
1,97.02055535,308.78071,9.392671565,22,0,1,0,8,3,7,2,11,1,0,1,2,0,0,1,2,1,1,0,0,0,0,0,0,0,0,0,0,0,-8.33E+02,-2.03E+02,-3.62E+02,2.17E+02,9.70E+02,-7.18E+02,-1.57E+03,-7.79E+02,-1.59E+03,6.78E+02,-3.72E+02,8.45E+02,-1.16E+03,4.38E+02,-4.34E+02,-8.80E+02,1.09E+03,9.58E+02,-1.08E+03,-6.10E+02,-6.69E+02,-5.35E+02,7.17E+02,-6.45E+02,5.17E+02,7.23E+02,4.65E+02,6.87E+02,-1.25E+03,4.94E+02,0.125802,0.025129,0.078881,0.0276,0.61596,0.294935,0.932043,0.326839,1.723906,0.269649,0.099416,0.354716,0.624465,0.149841,0.156003,0.536776,0.927307,0.604123,0.641624,0.227523,0.235616,0.246148,0.272052,0.276581,0.292681,0.298151,0.308636,0.333339,0.337582,0.355769
1,104.8278279,306.9723278,7.647621225,230,7,2,8,0,4,11,1,1,2,2,7,1,1,0,0,1,1,0,0,1,0,0,0,0,0,0,0,2,0,-2.69E+03,7.84E+02,4.67E+02,-8.96E+02,-2.35E+02,8.14E+02,-1.95E+03,6.04E+02,5.73E+02,-8.75E+02,8.31E+02,1.89E+03,-8.98E+02,7.59E+02,-4.34E+02,-5.08E+02,-8.42E+02,-9.58E+02,6.22E+02,-6.10E+02,-1.16E+03,-5.35E+02,-7.17E+02,-6.45E+02,5.17E+02,-7.23E+02,-4.65E+02,6.87E+02,2.80E+03,-4.94E+02,1.315206,0.376929,0.131468,0.469196,0.036233,0.379203,1.429132,0.196104,0.224857,0.449415,0.49708,1.773581,0.374679,0.449523,0.156003,0.178925,0.556384,0.604123,0.213875,0.227523,0.706848,0.246148,0.272052,0.276581,0.292681,0.298151,0.308636,0.333339,1.68791,0.355769
1,93.50690649,315.4998305,9.596159021,27,26,3,3,9,9,0,2,1,2,2,2,0,2,0,0,2,0,0,1,3,0,1,0,1,1,0,0,1,0,-9.23E+02,1.47E+03,-5.53E+02,5.75E+02,-1.03E+03,1.18E+03,4.06E+02,7.79E+02,-5.73E+02,-8.75E+02,8.31E+02,-1.09E+03,-5.18E+02,-9.80E+02,4.34E+02,5.08E+02,1.09E+03,-5.53E+02,-6.22E+02,1.06E+03,-1.77E+03,-5.35E+02,1.24E+03,6.45E+02,8.96E+02,-1.25E+03,4.65E+02,6.87E+02,-2.17E+03,-4.94E+02,0.154394,1.331815,0.184056,0.193198,0.688426,0.800539,0.062136,0.326839,0.224857,0.449415,0.49708,0.591194,0.124893,0.749205,0.156003,0.178925,0.927307,0.201374,0.213875,0.682568,1.649311,0.246148,0.816155,0.276581,0.878042,0.894454,0.308636,0.333339,1.012746,0.355769
1,101.1265527,314.8620712,6.6955598,45,34,8,12,9,16,3,4,0,7,5,2,4,0,2,0,0,0,1,0,1,0,0,0,0,1,0,2,0,0,-1.19E+03,1.68E+03,8.62E+02,1.09E+03,-1.03E+03,-1.56E+03,-1.08E+03,-1.05E+03,-3.31E+02,1.52E+03,-1.23E+03,1.09E+03,-1.56E+03,-4.38E+02,-9.71E+02,5.08E+02,-4.86E+02,-5.53E+02,1.08E+03,-6.10E+02,1.16E+03,5.35E+02,7.17E+02,6.45E+02,-5.17E+02,-1.25E+03,-4.65E+02,1.54E+03,1.25E+03,4.94E+02,0.257323,1.733872,0.446993,0.689994,0.688426,1.39041,0.434953,0.588311,0.074952,1.348246,1.093576,0.591194,1.124037,0.149841,0.780015,0.178925,0.185461,0.201374,0.641624,0.227523,0.706848,0.246148,0.272052,0.276581,0.292681,0.894454,0.308636,1.666697,0.337582,0.355769
1,95.01574696,326.1743329,8.232603955,99,44,31,1,1,6,0,0,0,2,0,1,0,0,3,0,0,1,0,1,0,1,0,0,1,0,1,0,0,0,-1.77E+03,-1.91E+03,1.66E+03,-3.76E+02,-4.08E+02,-9.78E+02,4.06E+02,-3.48E+02,3.31E+02,8.75E+02,3.72E+02,8.45E+02,-5.18E+02,4.38E+02,-1.15E+03,5.08E+02,-4.86E+02,9.58E+02,6.22E+02,1.06E+03,-6.69E+02,9.26E+02,-7.17E+02,6.45E+02,8.96E+02,-7.23E+02,-8.05E+02,-6.87E+02,-1.25E+03,4.94E+02,0.56611,2.236444,1.656502,0.082799,0.108699,0.547737,0.062136,0.065368,0.074952,0.449415,0.099416,0.354716,0.124893,0.149841,1.092021,0.178925,0.185461,0.604123,0.213875,0.682568,0.235616,0.738443,0.272052,0.276581,0.878042,0.298151,0.925907,0.333339,0.337582,0.355769
1,99.309058,313.8046341,6.468550185,334,10,21,1,5,5,1,0,11,2,5,1,0,0,0,0,2,1,1,0,0,0,0,0,0,0,0,0,0,0,-3.25E+03,-9.28E+02,1.37E+03,-3.76E+02,7.81E+02,-9.00E+02,-7.04E+02,3.48E+02,-1.59E+03,-8.75E+02,1.23E+03,8.45E+02,5.18E+02,-4.38E+02,-4.34E+02,-5.08E+02,-1.09E+03,-9.58E+02,1.08E+03,6.10E+02,-6.69E+02,-5.35E+02,7.17E+02,-6.45E+02,-5.17E+02,-7.23E+02,-4.65E+02,6.87E+02,-1.25E+03,4.94E+02,1.909908,0.5277,1.130628,0.082799,0.398562,0.46347,0.186409,0.065368,1.723906,0.449415,1.093576,0.354716,0.124893,0.149841,0.156003,0.178925,0.927307,0.604123,0.641624,0.227523,0.235616,0.246148,0.272052,0.276581,0.292681,0.298151,0.308636,0.333339,0.337582,0.355769
1,95.12844355,314.5239714,7.204670574,50,5,1,1,8,4,2,7,6,3,0,2,1,1,0,1,1,1,1,1,0,1,1,0,0,0,0,3,0,0,-1.26E+03,-6.72E+02,-3.62E+02,3.76E+02,-9.70E+02,-8.14E+02,-9.09E+02,1.35E+03,1.19E+03,1.04E+03,3.72E+02,-1.09E+03,-8.98E+02,7.59E+02,4.34E+02,-8.80E+02,-8.42E+02,9.58E+02,1.08E+03,1.06E+03,-6.69E+02,-9.26E+02,1.24E+03,6.45E+02,-5.17E+02,7.23E+02,-4.65E+02,1.82E+03,-1.25E+03,-4.94E+02,0.285914,0.276414,0.078881,0.082799,0.61596,0.379203,0.310681,0.980518,0.974382,0.629181,0.099416,0.591194,0.374679,0.449523,0.156003,0.536776,0.556384,0.604123,0.641624,0.682568,0.235616,0.738443,0.816155,0.276581,0.292681,0.298151,0.308636,2.333376,0.337582,0.355769
1,100.8185134,321.3053933,3.041766826,166,21,3,19,14,22,5,7,1,1,5,0,3,0,2,0,3,1,1,1,0,0,0,2,5,0,1,0,0,0,-2.29E+03,-1.33E+03,5.53E+02,-1.36E+03,1.27E+03,-1.82E+03,1.35E+03,-1.35E+03,-5.73E+02,-6.78E+02,-1.23E+03,-4.88E+02,1.37E+03,-4.38E+02,-9.71E+02,-5.08E+02,1.29E+03,-9.58E+02,1.08E+03,1.06E+03,6.69E+02,5.35E+02,7.17E+02,1.44E+03,1.72E+03,-7.23E+02,-8.05E+02,-6.87E+02,-1.25E+03,-4.94E+02,0.949236,1.080529,0.184056,1.07639,1.050755,1.896013,0.683498,0.980518,0.224857,0.269649,1.093576,0.118239,0.874251,0.149841,0.780015,0.178925,1.29823,0.604123,0.641624,0.682568,0.235616,0.246148,0.272052,1.382903,3.219487,0.298151,0.925907,0.333339,0.337582,0.355769
1,97.58020474,308.0847226,13.17888381,59,4,0,21,17,20,2,2,1,2,3,3,1,1,0,0,0,0,1,0,5,0,0,0,0,3,1,0,0,0,-1.36E+03,6.08E+02,-2.09E+02,-1.42E+03,-1.39E+03,1.74E+03,-9.09E+02,7.79E+02,5.73E+02,8.75E+02,9.83E+02,-1.29E+03,-8.98E+02,7.59E+02,4.34E+02,5.08E+02,-4.86E+02,5.53E+02,-1.08E+03,-6.10E+02,2.22E+03,5.35E+02,7.17E+02,6.45E+02,-5.17E+02,-1.91E+03,8.05E+02,-6.87E+02,1.25E+03,-4.94E+02,0.337379,0.226157,0.026294,1.186789,1.268152,1.727479,0.310681,0.326839,0.224857,0.449415,0.695912,0.827671,0.374679,0.449523,0.156003,0.178925,0.185461,0.201374,0.641624,0.227523,2.591775,0.246148,0.272052,0.276581,0.292681,2.08706,0.925907,0.333339,0.337582,0.355769
1,88.01662697,320.6880416,9.765705544,6,1,29,0,0,39,12,4,5,0,3,2,0,1,0,0,3,0,0,2,0,0,0,0,0,0,1,1,0,0,-4.35E+02,3.51E+02,-1.61E+03,-2.17E+02,-2.35E+02,2.41E+03,2.03E+03,-1.05E+03,-1.10E+03,3.91E+02,9.83E+02,-1.09E+03,-5.18E+02,7.59E+02,4.34E+02,5.08E+02,1.29E+03,-5.53E+02,-6.22E+02,-1.36E+03,-6.69E+02,-5.35E+02,7.17E+02,-6.45E+02,-5.17E+02,-7.23E+02,-8.05E+02,1.19E+03,1.25E+03,4.94E+02,0.03431,0.075386,1.551327,0.0276,0.036233,3.328556,1.553405,0.588311,0.824477,0.089883,0.695912,0.591194,0.124893,0.449523,0.156003,0.178925,1.29823,0.201374,0.213875,1.137613,0.235616,0.246148,0.272052,0.276581,0.292681,0.298151,0.925907,1.000018,0.337582,0.355769
1,100.8712074,314.7230082,4.563008935,242,0,4,21,9,6,2,2,0,0,0,0,1,5,2,2,0,0,1,0,0,2,0,0,0,0,1,3,0,0,-2.76E+03,2.03E+02,6.27E+02,1.42E+03,-1.03E+03,9.78E+02,-9.09E+02,-7.79E+02,-3.31E+02,3.91E+02,-3.72E+02,4.88E+02,-8.98E+02,-1.45E+03,9.71E+02,-1.14E+03,-4.86E+02,-5.53E+02,-1.08E+03,-6.10E+02,6.69E+02,-1.20E+03,-7.17E+02,6.45E+02,-5.17E+02,-7.23E+02,-8.05E+02,1.82E+03,-1.25E+03,-4.94E+02,1.383825,0.025129,0.236643,1.186789,0.688426,0.547737,0.310681,0.326839,0.074952,0.089883,0.099416,0.118239,0.374679,1.648251,0.780015,0.894627,0.185461,0.201374,0.641624,0.227523,0.235616,1.230738,0.272052,0.276581,0.292681,0.298151,0.925907,2.333376,0.337582,0.355769
1,96.38176735,317.838301,4.506065314,89,0,9,13,3,4,0,0,1,0,0,0,0,0,1,0,2,1,2,0,0,0,0,1,1,3,0,0,0,0,-1.68E+03,2.03E+02,9.11E+02,-1.13E+03,6.23E+02,-8.14E+02,-4.06E+02,3.48E+02,5.73E+02,-3.91E+02,3.72E+02,-4.88E+02,-5.18E+02,4.38E+02,-7.52E+02,-5.08E+02,1.09E+03,-9.58E+02,-1.39E+03,6.10E+02,-6.69E+02,5.35E+02,-7.17E+02,1.12E+03,8.96E+02,-1.91E+03,-4.65E+02,-6.87E+02,1.25E+03,-4.94E+02,0.508928,0.025129,0.49958,0.745193,0.25363,0.379203,0.062136,0.065368,0.224857,0.089883,0.099416,0.118239,0.124893,0.149841,0.468009,0.178925,0.927307,0.604123,1.069374,0.227523,0.235616,0.246148,0.272052,0.829742,0.878042,2.08706,0.308636,0.333339,0.337582,0.355769
1,106.1674296,301.6841182,9.456939044,4,1,3,6,6,9,3,0,1,1,0,2,0,1,3,0,0,1,0,3,0,0,0,0,2,0,0,0,0,0,-3.55E+02,-3.51E+02,-5.53E+02,-7.83E+02,-8.49E+02,1.18E+03,-1.08E+03,-3.48E+02,-5.73E+02,6.78E+02,3.72E+02,1.09E+03,5.18E+02,-7.59E+02,1.15E+03,-5.08E+02,4.86E+02,-9.58E+02,-6.22E+02,-1.61E+03,-6.69E+02,-5.35E+02,7.17E+02,-6.45E+02,-1.16E+03,7.23E+02,4.65E+02,6.87E+02,1.25E+03,4.94E+02,0.022873,0.075386,0.184056,0.358797,0.471028,0.800539,0.434953,0.065368,0.224857,0.269649,0.099416,0.591194,0.124893,0.449523,1.092021,0.178925,0.185461,0.604123,0.213875,1.592658,0.235616,0.246148,0.272052,0.276581,1.463403,0.298151,0.308636,0.333339,0.337582,0.355769
1,100.9145721,321.0698906,7.762379435,272,0,1,0,7,4,0,0,3,1,1,0,0,0,1,3,1,3,0,0,2,4,0,0,1,0,1,0,0,2,-2.93E+03,-2.03E+02,3.62E+02,-2.17E+02,-9.11E+02,8.14E+02,-4.06E+02,3.48E+02,8.75E+02,-6.78E+02,-6.44E+02,4.88E+02,-5.18E+02,4.38E+02,7.52E+02,-1.34E+03,8.42E+02,-1.46E+03,-6.22E+02,6.10E+02,1.50E+03,-1.60E+03,-7.17E+02,6.45E+02,-8.96E+02,-7.23E+02,-8.05E+02,6.87E+02,1.25E+03,-1.10E+03,1.555374,0.025129,0.078881,0.0276,0.543494,0.379203,0.062136,0.065368,0.524667,0.269649,0.298248,0.118239,0.124893,0.149841,0.468009,1.252477,0.556384,1.40962,0.213875,0.227523,1.178079,2.215329,0.272052,0.276581,0.878042,0.298151,0.925907,0.333339,0.337582,1.778843
1,107.9028262,306.2985936,5.865384209,224,8,4,9,0,16,1,7,1,4,2,1,0,0,1,2,2,2,0,4,0,0,0,0,0,0,1,0,0,0,-2.66E+03,8.35E+02,-6.27E+02,-9.47E+02,2.35E+02,-1.56E+03,-7.04E+02,-1.35E+03,5.73E+02,-1.17E+03,8.31E+02,-8.45E+02,-5.18E+02,-4.38E+02,7.52E+02,1.14E+03,1.09E+03,-1.24E+03,-6.22E+02,-1.83E+03,6.69E+02,5.35E+02,-7.17E+02,6.45E+02,5.17E+02,7.23E+02,-8.05E+02,-6.87E+02,-1.25E+03,-4.94E+02,1.280896,0.427186,0.236643,0.524395,0.036233,1.39041,0.186409,0.980518,0.224857,0.808947,0.49708,0.354716,0.124893,0.149841,0.468009,0.894627,0.927307,1.006872,0.213875,2.047704,0.235616,0.246148,0.272052,0.276581,0.292681,0.298151,0.925907,0.333339,0.337582,0.355769
1,112.8083323,297.8763848,0.355640655,23,6,0,1,5,1,2,2,1,0,7,0,0,3,0,0,1,0,0,0,0,1,0,0,0,0,1,0,0,0,-8.52E+02,-7.30E+02,2.09E+02,3.76E+02,-7.81E+02,-4.70E+02,9.09E+02,7.79E+02,5.73E+02,-3.91E+02,1.44E+03,4.88E+02,-5.18E+02,-1.16E+03,4.34E+02,-5.08E+02,8.42E+02,-5.53E+02,-6.22E+02,-6.10E+02,-6.69E+02,-9.26E+02,-7.17E+02,-6.45E+02,5.17E+02,-7.23E+02,-8.05E+02,-6.87E+02,1.25E+03,-4.94E+02,0.131521,0.326672,0.026294,0.082799,0.398562,0.126401,0.310681,0.326839,0.224857,0.089883,1.49124,0.118239,0.124893,1.048887,0.156003,0.178925,0.556384,0.201374,0.213875,0.227523,0.235616,0.738443,0.272052,0.276581,0.292681,0.298151,0.925907,0.333339,0.337582,0.355769
1,99.77321023,315.8761014,5.863257563,293,10,7,22,1,5,5,1,0,7,4,1,0,0,3,2,0,0,0,0,0,3,1,0,1,0,1,0,0,0,-3.04E+03,9.28E+02,-8.10E+02,1.46E+03,4.08E+02,9.00E+02,1.35E+03,-6.04E+02,-3.31E+02,1.52E+03,-1.11E+03,-8.45E+02,-5.18E+02,4.38E+02,1.15E+03,1.14E+03,4.86E+02,5.53E+02,-6.22E+02,6.10E+02,6.69E+02,-1.41E+03,-1.24E+03,-6.45E+02,8.96E+02,-7.23E+02,-8.05E+02,-6.87E+02,-1.25E+03,-4.94E+02,1.675458,0.5277,0.394405,1.241988,0.108699,0.46347,0.683498,0.196104,0.074952,1.348246,0.894744,0.354716,0.124893,0.149841,1.092021,0.894627,0.185461,0.201374,0.213875,0.227523,0.235616,1.723034,0.816155,0.276581,0.878042,0.298151,0.925907,0.333339,0.337582,0.355769
1,95.32478536,313.7185694,9.523076104,226,2,16,8,1,9,0,14,3,2,0,1,1,0,0,0,0,0,1,1,1,0,1,0,2,0,0,1,1,0,-2.67E+03,4.53E+02,1.20E+03,8.96E+02,4.08E+02,1.18E+03,-4.06E+02,-1.88E+03,8.75E+02,8.75E+02,3.72E+02,8.45E+02,-8.98E+02,4.38E+02,-4.34E+02,-5.08E+02,-4.86E+02,-5.53E+02,-1.08E+03,-1.06E+03,-1.16E+03,5.35E+02,1.24E+03,6.45E+02,1.16E+03,-7.23E+02,4.65E+02,-1.19E+03,2.17E+03,4.94E+02,1.292333,0.125643,0.867692,0.469196,0.108699,0.800539,0.062136,1.895669,0.524667,0.449415,0.099416,0.354716,0.374679,0.149841,0.156003,0.178925,0.185461,0.201374,0.641624,0.682568,0.706848,0.246148,0.816155,0.276581,1.463403,0.298151,0.308636,1.000018,1.012746,0.355769
1,103.6414768,310.9274553,5.826258597,45,1,8,13,7,27,1,2,0,0,0,0,0,1,0,0,4,1,0,3,0,0,0,0,0,0,0,1,2,1,-1.19E+03,3.51E+02,-8.62E+02,1.13E+03,9.11E+02,-2.01E+03,-7.04E+02,7.79E+02,-3.31E+02,3.91E+02,-3.72E+02,4.88E+02,-5.18E+02,-7.59E+02,-4.34E+02,-5.08E+02,1.46E+03,-9.58E+02,-6.22E+02,1.61E+03,-6.69E+02,5.35E+02,7.17E+02,-6.45E+02,-5.17E+02,-7.23E+02,4.65E+02,1.19E+03,-2.80E+03,8.56E+02,0.257323,0.075386,0.446993,0.745193,0.543494,2.317349,0.186409,0.326839,0.074952,0.089883,0.099416,0.118239,0.124893,0.449523,0.156003,0.178925,1.669153,0.604123,0.213875,1.592658,0.235616,0.246148,0.272052,0.276581,0.292681,0.298151,0.308636,1.000018,1.68791,1.067306
1,95.21599311,310.8218999,10.35823782,126,16,2,7,3,9,3,1,1,0,0,1,0,5,0,4,0,0,1,0,0,0,1,0,1,0,1,0,1,0,-1.99E+03,1.16E+03,4.67E+02,8.41E+02,-6.23E+02,-1.18E+03,-1.08E+03,-6.04E+02,5.73E+02,3.91E+02,3.72E+02,8.45E+02,-5.18E+02,1.45E+03,4.34E+02,-1.52E+03,4.86E+02,-5.53E+02,-1.08E+03,-6.10E+02,-6.69E+02,5.35E+02,-1.24E+03,-6.45E+02,-8.96E+02,-7.23E+02,8.05E+02,6.87E+02,-2.17E+03,4.94E+02,0.720504,0.829243,0.131468,0.413996,0.25363,0.800539,0.434953,0.196104,0.224857,0.089883,0.099416,0.354716,0.124893,1.648251,0.156003,1.610328,0.185461,0.201374,0.641624,0.227523,0.235616,0.246148,0.816155,0.276581,0.878042,0.298151,0.925907,0.333339,1.012746,0.355769
1,103.6858867,309.8411812,2.207396572,1,5,2,3,2,5,7,6,3,2,5,0,0,0,1,1,1,0,0,1,0,0,0,0,0,0,3,0,0,0,-1.78E+02,-6.72E+02,4.67E+02,-5.75E+02,-5.26E+02,9.00E+02,1.57E+03,1.26E+03,-8.75E+02,-8.75E+02,1.23E+03,-4.88E+02,-5.18E+02,4.38E+02,-7.52E+02,-8.80E+02,8.42E+02,5.53E+02,-6.22E+02,1.06E+03,-6.69E+02,-5.35E+02,7.17E+02,6.45E+02,-5.17E+02,-7.23E+02,-1.23E+03,-6.87E+02,-1.25E+03,-4.94E+02,0.005718,0.276414,0.131468,0.193198,0.181165,0.46347,0.932043,0.849782,0.524667,0.449415,1.093576,0.118239,0.124893,0.149841,0.468009,0.536776,0.556384,0.201374,0.213875,0.682568,0.235616,0.246148,0.272052,0.276581,0.292681,0.298151,2.160451,0.333339,0.337582,0.355769
1,102.7458428,311.4578403,4.225104877,19,17,5,20,1,4,4,6,7,4,1,0,0,0,0,1,0,1,0,0,0,0,0,0,0,0,0,0,0,0,-7.75E+02,1.20E+03,-6.93E+02,1.39E+03,-4.08E+02,8.14E+02,1.22E+03,-1.26E+03,-1.28E+03,-1.17E+03,-6.44E+02,-4.88E+02,-5.18E+02,-4.38E+02,-4.34E+02,-8.80E+02,4.86E+02,-9.58E+02,6.22E+02,-6.10E+02,6.69E+02,-5.35E+02,-7.17E+02,-6.45E+02,-5.17E+02,-7.23E+02,4.65E+02,6.87E+02,-1.25E+03,-4.94E+02,0.108647,0.8795,0.289231,1.131589,0.108699,0.379203,0.559226,0.849782,1.124287,0.808947,0.298248,0.118239,0.124893,0.149841,0.156003,0.536776,0.185461,0.604123,0.213875,0.227523,0.235616,0.246148,0.272052,0.276581,0.292681,0.298151,0.308636,0.333339,0.337582,0.355769
1,103.7440122,307.6673298,5.838180273,262,13,21,6,5,8,2,2,2,2,2,2,1,0,0,0,0,1,1,4,0,0,0,0,0,1,0,0,0,0,-2.88E+03,1.05E+03,-1.37E+03,7.83E+02,7.81E+02,-1.12E+03,9.09E+02,-7.79E+02,-7.39E+02,-8.75E+02,-8.31E+02,-1.09E+03,-8.98E+02,4.38E+02,4.34E+02,-5.08E+02,-4.86E+02,-9.58E+02,1.08E+03,1.83E+03,-6.69E+02,5.35E+02,7.17E+02,6.45E+02,5.17E+02,-1.25E+03,4.65E+02,-6.87E+02,-1.25E+03,4.94E+02,1.498191,0.678472,1.130628,0.358797,0.398562,0.716272,0.310681,0.326839,0.374762,0.449415,0.49708,0.591194,0.374679,0.149841,0.156003,0.178925,0.185461,0.604123,0.641624,2.047704,0.235616,0.246148,0.272052,0.276581,0.292681,0.894454,0.308636,0.333339,0.337582,0.355769
1,105.5985747,312.0716923,4.28065888,77,2,5,6,4,8,0,2,8,1,8,3,0,0,2,1,1,2,6,2,1,0,0,1,0,0,2,0,1,1,-1.56E+03,4.53E+02,6.93E+02,7.83E+02,-7.06E+02,-1.12E+03,4.06E+02,7.79E+02,-1.36E+03,-6.78E+02,-1.53E+03,1.29E+03,-5.18E+02,-4.38E+02,9.71E+02,-8.80E+02,-8.42E+02,1.24E+03,2.24E+03,1.36E+03,-1.16E+03,5.35E+02,-7.17E+02,1.12E+03,5.17E+02,-7.23E+02,-1.04E+03,-6.87E+02,2.17E+03,-8.56E+02,0.440308,0.125643,0.289231,0.358797,0.326096,0.716272,0.062136,0.326839,1.274192,0.269649,1.690072,0.827671,0.124893,0.149841,0.780015,0.536776,0.556384,1.006872,2.780372,1.137613,0.706848,0.246148,0.272052,0.829742,0.292681,0.298151,1.543179,0.333339,1.012746,1.067306
1,96.18615832,310.4417702,13.25340294,399,6,11,11,9,16,2,1,3,0,0,4,0,0,0,0,1,0,0,1,0,0,2,0,0,1,0,0,2,0,-3.55E+03,7.30E+02,-1.00E+03,1.04E+03,1.03E+03,-1.56E+03,9.09E+02,-6.04E+02,-8.75E+02,-3.91E+02,3.72E+02,-1.46E+03,-5.18E+02,4.38E+02,-4.34E+02,5.08E+02,-8.42E+02,-5.53E+02,-6.22E+02,1.06E+03,6.69E+02,-5.35E+02,1.60E+03,6.45E+02,-5.17E+02,-1.25E+03,4.65E+02,6.87E+02,-2.80E+03,-4.94E+02,2.281597,0.326672,0.604755,0.634794,0.688426,1.39041,0.310681,0.196104,0.524667,0.089883,0.099416,1.064149,0.124893,0.149841,0.156003,0.178925,0.556384,0.201374,0.213875,0.682568,0.235616,0.246148,1.360259,0.276581,0.292681,0.894454,0.308636,0.333339,1.68791,0.355769
1,95.48926654,317.677476,2.896306149,99,14,7,8,9,3,2,0,1,1,2,0,0,0,0,1,4,1,0,0,0,0,0,0,0,1,0,1,0,0,-1.77E+03,-1.09E+03,8.10E+02,-8.96E+02,1.03E+03,7.18E+02,9.09E+02,-3.48E+02,-5.73E+02,6.78E+02,8.31E+02,-4.88E+02,-5.18E+02,4.38E+02,-4.34E+02,8.80E+02,1.46E+03,-9.58E+02,-6.22E+02,-6.10E+02,-6.69E+02,-5.35E+02,7.17E+02,6.45E+02,-5.17E+02,1.25E+03,-4.65E+02,1.19E+03,-1.25E+03,4.94E+02,0.56611,0.728729,0.394405,0.469196,0.688426,0.294935,0.310681,0.065368,0.224857,0.269649,0.49708,0.118239,0.124893,0.149841,0.156003,0.536776,1.669153,0.604123,0.213875,0.227523,0.235616,0.246148,0.272052,0.276581,0.292681,0.894454,0.308636,1.000018,0.337582,0.355769
1,100.497172,315.0476113,6.493020577,202,19,10,1,0,13,4,0,2,3,0,0,0,0,1,0,1,0,0,0,1,2,0,1,0,0,1,2,0,0,-2.53E+03,1.26E+03,9.58E+02,3.76E+02,-2.35E+02,1.41E+03,1.22E+03,3.48E+02,-7.39E+02,-1.04E+03,3.72E+02,-4.88E+02,5.18E+02,-4.38E+02,7.52E+02,-5.08E+02,8.42E+02,5.53E+02,6.22E+02,6.10E+02,1.16E+03,-1.20E+03,7.17E+02,1.12E+03,-5.17E+02,-7.23E+02,-8.05E+02,1.54E+03,1.25E+03,-4.94E+02,1.155094,0.980015,0.552167,0.082799,0.036233,1.137608,0.559226,0.065368,0.374762,0.629181,0.099416,0.118239,0.124893,0.149841,0.468009,0.178925,0.556384,0.201374,0.213875,0.227523,0.706848,1.230738,0.272052,0.829742,0.292681,0.298151,0.925907,1.666697,0.337582,0.355769
1,108.9247679,299.1554475,7.597178845,138,14,3,0,2,4,0,13,1,2,1,0,0,5,1,0,0,1,1,1,0,0,0,1,0,0,0,1,1,0,-2.09E+03,1.09E+03,5.53E+02,-2.17E+02,-5.26E+02,-8.14E+02,4.06E+02,1.81E+03,-5.73E+02,-8.75E+02,6.44E+02,-4.88E+02,-5.18E+02,-1.45E+03,7.52E+02,-5.08E+02,-4.86E+02,-9.58E+02,1.08E+03,1.06E+03,6.69E+02,-5.35E+02,7.17E+02,-1.12E+03,5.17E+02,7.23E+02,4.65E+02,-1.19E+03,-2.17E+03,-4.94E+02,0.789124,0.728729,0.184056,0.0276,0.181165,0.379203,0.062136,1.764933,0.224857,0.449415,0.298248,0.118239,0.124893,1.648251,0.468009,0.178925,0.185461,0.604123,0.641624,0.682568,0.235616,0.246148,0.272052,0.829742,0.292681,0.298151,0.308636,1.000018,1.012746,0.355769
1,99.63593069,303.6198196,12.15301482,315,5,1,12,0,1,5,1,3,2,0,0,0,1,0,0,0,0,1,1,1,3,0,0,0,1,0,0,1,0,-3.15E+03,6.72E+02,3.62E+02,-1.09E+03,-2.35E+02,-4.70E+02,-1.35E+03,6.04E+02,-8.75E+02,-8.75E+02,-3.72E+02,4.88E+02,5.18E+02,7.59E+02,4.34E+02,5.08E+02,-4.86E+02,5.53E+02,1.08E+03,-1.06E+03,1.16E+03,1.41E+03,7.17E+02,6.45E+02,5.17E+02,-1.25E+03,-4.65E+02,6.87E+02,2.17E+03,4.94E+02,1.80126,0.276414,0.078881,0.689994,0.036233,0.126401,0.683498,0.196104,0.524667,0.449415,0.099416,0.118239,0.124893,0.449523,0.156003,0.178925,0.185461,0.201374,0.641624,0.682568,0.706848,1.723034,0.272052,0.276581,0.292681,0.894454,0.308636,0.333339,1.012746,0.355769
1,96.22114484,312.8548452,5.218686069,246,1,4,6,14,9,1,9,1,6,2,0,0,3,1,0,1,0,1,0,0,0,0,0,0,0,0,1,0,0,-2.79E+03,-3.51E+02,6.27E+02,7.83E+02,-1.27E+03,-1.18E+03,-7.04E+02,1.52E+03,5.73E+02,-1.41E+03,8.31E+02,-4.88E+02,-5.18E+02,1.16E+03,7.52E+02,-5.08E+02,-8.42E+02,-5.53E+02,1.08E+03,-6.10E+02,6.69E+02,-5.35E+02,-7.17E+02,6.45E+02,5.17E+02,7.23E+02,-4.65E+02,1.19E+03,-1.25E+03,4.94E+02,1.406699,0.075386,0.236643,0.358797,1.050755,0.800539,0.186409,1.24199,0.224857,1.168479,0.49708,0.118239,0.124893,1.048887,0.468009,0.178925,0.556384,0.201374,0.641624,0.227523,0.235616,0.246148,0.272052,0.276581,0.292681,0.298151,0.308636,1.000018,0.337582,0.355769
1,94.2667426,311.2931005,13.07494898,307,10,23,1,9,0,0,2,0,1,3,2,0,2,1,1,2,0,0,1,0,2,1,0,1,0,2,0,0,0,-3.11E+03,9.28E+02,1.43E+03,3.76E+02,1.03E+03,-2.71E+02,4.06E+02,-7.79E+02,3.31E+02,6.78E+02,9.83E+02,-1.09E+03,5.18E+02,9.80E+02,7.52E+02,8.80E+02,1.09E+03,5.53E+02,-6.22E+02,-1.06E+03,6.69E+02,1.20E+03,-1.24E+03,-6.45E+02,-8.96E+02,-7.23E+02,-1.04E+03,-6.87E+02,-1.25E+03,4.94E+02,1.755514,0.5277,1.235803,0.082799,0.688426,0.042134,0.062136,0.326839,0.074952,0.269649,0.695912,0.591194,0.124893,0.749205,0.468009,0.536776,0.927307,0.201374,0.213875,0.682568,0.235616,1.230738,0.816155,0.276581,0.878042,0.298151,1.543179,0.333339,0.337582,0.355769
1,98.56717846,314.5451791,6.680561493,187,0,24,9,7,7,6,0,1,1,1,0,3,0,0,2,1,0,0,3,1,1,0,1,0,0,0,0,0,0,-2.43E+03,-2.03E+02,-1.46E+03,-9.47E+02,-9.11E+02,1.05E+03,1.47E+03,-3.48E+02,5.73E+02,-6.78E+02,6.44E+02,4.88E+02,-1.37E+03,-4.38E+02,-4.34E+02,1.14E+03,8.42E+02,5.53E+02,-6.22E+02,1.61E+03,-1.16E+03,9.26E+02,-7.17E+02,1.12E+03,5.17E+02,7.23E+02,4.65E+02,6.87E+02,-1.25E+03,-4.94E+02,1.06932,0.025129,1.288391,0.524395,0.543494,0.632004,0.807771,0.065368,0.224857,0.269649,0.298248,0.118239,0.874251,0.149841,0.156003,0.894627,0.556384,0.201374,0.213875,1.592658,0.706848,0.738443,0.272052,0.829742,0.292681,0.298151,0.308636,0.333339,0.337582,0.355769
1,102.4767561,315.6797046,3.618500823,60,47,14,0,1,13,7,1,0,4,0,0,0,3,0,3,0,0,1,1,0,0,0,0,4,1,0,0,0,0,-1.38E+03,-1.97E+03,-1.13E+03,2.17E+02,-4.08E+02,-1.41E+03,-1.57E+03,-6.04E+02,-3.31E+02,1.17E+03,-3.72E+02,4.88E+02,5.18E+02,1.16E+03,-4.34E+02,-1.34E+03,-4.86E+02,5.53E+02,-1.08E+03,1.06E+03,-6.69E+02,-5.35E+02,7.17E+02,-6.45E+02,-1.55E+03,1.25E+03,4.65E+02,-6.87E+02,1.25E+03,4.94E+02,0.343097,2.387215,0.762517,0.0276,0.108699,1.137608,0.932043,0.196104,0.074952,0.808947,0.099416,0.118239,0.124893,1.048887,0.156003,1.252477,0.185461,0.201374,0.641624,0.682568,0.235616,0.246148,0.272052,0.276581,2.634126,0.894454,0.308636,0.333339,0.337582,0.355769
1,92.60063285,317.592895,10.00376886,47,21,35,18,2,8,2,2,2,2,0,1,3,3,4,0,0,2,0,1,0,0,0,0,0,3,0,0,0,0,-1.22E+03,-1.33E+03,1.76E+03,-1.32E+03,5.26E+02,1.12E+03,9.09E+02,7.79E+02,-7.39E+02,-8.75E+02,-3.72E+02,8.45E+02,-1.37E+03,-1.16E+03,1.30E+03,-5.08E+02,-4.86E+02,1.24E+03,-6.22E+02,1.06E+03,6.69E+02,-5.35E+02,7.17E+02,6.45E+02,-5.17E+02,-1.91E+03,-4.65E+02,6.87E+02,-1.25E+03,4.94E+02,0.268759,1.080529,1.866852,1.02119,0.181165,0.716272,0.310681,0.326839,0.374762,0.449415,0.099416,0.354716,0.874251,1.048887,1.404027,0.178925,0.185461,1.006872,0.213875,0.682568,0.235616,0.246148,0.272052,0.276581,0.292681,2.08706,0.308636,0.333339,0.337582,0.355769
1,93.9126766,308.323834,11.08863618,129,3,12,4,2,1,0,3,0,4,6,3,4,0,0,0,0,0,0,0,0,0,2,0,0,0,0,2,0,0,-2.02E+03,-5.36E+02,1.05E+03,-6.52E+02,-5.26E+02,-4.70E+02,-4.06E+02,9.22E+02,3.31E+02,-1.17E+03,-1.34E+03,1.29E+03,1.56E+03,-4.38E+02,-4.34E+02,5.08E+02,4.86E+02,5.53E+02,6.22E+02,-6.10E+02,-6.69E+02,-5.35E+02,1.60E+03,-6.45E+02,-5.17E+02,-7.23E+02,-4.65E+02,-1.54E+03,1.25E+03,4.94E+02,0.737659,0.1759,0.657342,0.248398,0.181165,0.126401,0.062136,0.457575,0.074952,0.808947,1.292408,0.827671,1.124037,0.149841,0.156003,0.178925,0.185461,0.201374,0.213875,0.227523,0.235616,0.246148,1.360259,0.276581,0.292681,0.298151,0.308636,1.666697,0.337582,0.355769
1,95.77188649,314.1172851,12.4956083,128,9,1,5,5,6,3,7,8,0,3,0,1,2,0,0,4,0,0,0,0,0,0,0,0,0,0,0,0,2,-2.01E+03,-8.83E+02,-3.62E+02,7.20E+02,-7.81E+02,-9.78E+02,1.08E+03,-1.35E+03,1.36E+03,3.91E+02,-9.83E+02,4.88E+02,8.98E+02,-9.80E+02,4.34E+02,5.08E+02,1.46E+03,-5.53E+02,6.22E+02,6.10E+02,6.69E+02,-5.35E+02,-7.17E+02,6.45E+02,-5.17E+02,7.23E+02,-4.65E+02,-6.87E+02,-1.25E+03,-1.10E+03,0.731941,0.477443,0.078881,0.303597,0.398562,0.547737,0.434953,0.980518,1.274192,0.089883,0.695912,0.118239,0.374679,0.749205,0.156003,0.178925,1.669153,0.201374,0.213875,0.227523,0.235616,0.246148,0.272052,0.276581,0.292681,0.298151,0.308636,0.333339,0.337582,1.778843
1,95.88778597,316.8597212,4.997936331,86,1,9,26,8,3,15,0,0,0,0,0,1,0,0,0,0,1,0,0,0,0,0,3,0,0,1,0,0,1,-1.65E+03,-3.51E+02,-9.11E+02,1.58E+03,-9.70E+02,-7.18E+02,-2.26E+03,3.48E+02,3.31E+02,3.91E+02,3.72E+02,4.88E+02,-8.98E+02,-4.38E+02,4.34E+02,5.08E+02,4.86E+02,9.58E+02,-6.22E+02,6.10E+02,-6.69E+02,-5.35E+02,-7.17E+02,1.71E+03,-5.17E+02,7.23E+02,-8.05E+02,6.87E+02,1.25E+03,-8.56E+02,0.491773,0.075386,0.49958,1.462786,0.61596,0.294935,1.926222,0.065368,0.074952,0.089883,0.099416,0.118239,0.374679,0.149841,0.156003,0.178925,0.185461,0.604123,0.213875,0.227523,0.235616,0.246148,0.272052,1.936065,0.292681,0.298151,0.925907,0.333339,0.337582,1.067306
1,105.5169525,298.3516761,6.996301305,89,1,16,2,8,6,2,3,0,2,3,1,1,0,0,0,0,0,1,0,0,0,0,0,0,0,0,0,0,0,-1.68E+03,-3.51E+02,1.20E+03,-4.86E+02,9.70E+02,9.78E+02,9.09E+02,9.22E+02,-3.31E+02,-8.75E+02,-9.83E+02,8.45E+02,-8.98E+02,4.38E+02,4.34E+02,-5.08E+02,-4.86E+02,-5.53E+02,1.08E+03,-6.10E+02,6.69E+02,5.35E+02,7.17E+02,-6.45E+02,5.17E+02,7.23E+02,-4.65E+02,6.87E+02,1.25E+03,4.94E+02,0.508928,0.075386,0.867692,0.137999,0.61596,0.547737,0.310681,0.457575,0.074952,0.449415,0.695912,0.354716,0.374679,0.149841,0.156003,0.178925,0.185461,0.201374,0.641624,0.227523,0.235616,0.246148,0.272052,0.276581,0.292681,0.298151,0.308636,0.333339,0.337582,0.355769
1,105.5234869,298.1527759,10.91118965,207,3,0,5,12,2,0,6,2,0,0,0,1,0,0,0,0,0,0,1,0,0,0,0,0,0,0,0,1,0,-2.56E+03,5.36E+02,-2.09E+02,7.20E+02,1.18E+03,-6.07E+02,-4.06E+02,-1.26E+03,-7.39E+02,-3.91E+02,-3.72E+02,-4.88E+02,-8.98E+02,4.38E+02,4.34E+02,-5.08E+02,-4.86E+02,-5.53E+02,6.22E+02,-1.06E+03,6.69E+02,-5.35E+02,-7.17E+02,6.45E+02,-5.17E+02,7.23E+02,4.65E+02,-6.87E+02,-2.17E+03,-4.94E+02,1.183685,0.1759,0.026294,0.303597,0.905823,0.210668,0.062136,0.849782,0.374762,0.089883,0.099416,0.118239,0.374679,0.149841,0.156003,0.178925,0.185461,0.201374,0.213875,0.682568,0.235616,0.246148,0.272052,0.276581,0.292681,0.298151,0.308636,0.333339,1.012746,0.355769
1,99.33596978,312.6154143,8.761653008,136,8,14,10,0,5,2,10,0,5,1,1,2,1,0,0,0,0,1,0,0,0,0,0,1,0,0,1,0,0,-2.07E+03,-8.35E+02,1.13E+03,9.95E+02,-2.35E+02,9.00E+02,9.09E+02,1.60E+03,-3.31E+02,1.30E+03,-6.44E+02,-8.45E+02,-1.16E+03,7.59E+02,-4.34E+02,-5.08E+02,-4.86E+02,-5.53E+02,1.08E+03,-6.10E+02,6.69E+02,5.35E+02,7.17E+02,6.45E+02,-8.96E+02,-7.23E+02,4.65E+02,1.19E+03,1.25E+03,4.94E+02,0.777687,0.427186,0.762517,0.579595,0.036233,0.46347,0.310681,1.372726,0.074952,0.988713,0.298248,0.354716,0.624465,0.449523,0.156003,0.178925,0.185461,0.201374,0.641624,0.227523,0.235616,0.246148,0.272052,0.276581,0.878042,0.298151,0.308636,1.000018,0.337582,0.355769
